group (likely analyzer),histogram
EcalClusterAnalyzer / CLUE,EcalClusterAnalyzer
EcalClusterAnalyzer / CLUE,EcalClusterAnalyzer/ancestors
EcalClusterAnalyzer / CLUE,EcalClusterAnalyzer/cluster_RMSX
EcalClusterAnalyzer / CLUE,EcalClusterAnalyzer/cluster_RMSY
EcalClusterAnalyzer / CLUE,EcalClusterAnalyzer/cluster_distance
EcalClusterAnalyzer / CLUE,EcalClusterAnalyzer/correctly_predicted_events
EcalClusterAnalyzer / CLUE,EcalClusterAnalyzer/dE_cl2_vs_cl1
EcalClusterAnalyzer / CLUE,EcalClusterAnalyzer/energy_percentage
EcalClusterAnalyzer / CLUE,EcalClusterAnalyzer/mixed_hit_energy
EcalClusterAnalyzer / CLUE,EcalClusterAnalyzer/number_of_clusters
EcalClusterAnalyzer / CLUE,EcalClusterAnalyzer/number_of_clusters_first_layer
EcalClusterAnalyzer / CLUE,EcalClusterAnalyzer/number_of_clusters_per_layer
EcalClusterAnalyzer / CLUE,EcalClusterAnalyzer/same_ancestor
EcalClusterAnalyzer / CLUE,EcalClusterAnalyzer/sp_clue_distance
EcalClusterAnalyzer / CLUE,EcalClusterAnalyzer/sp_clue_distance_vs_layer
EcalClusterAnalyzer / CLUE,EcalClusterAnalyzer/sp_clue_x_residual
EcalClusterAnalyzer / CLUE,EcalClusterAnalyzer/sp_clue_y_residual
EcalClusterAnalyzer / CLUE,EcalClusterAnalyzer/sp_distance
EcalClusterAnalyzer / CLUE,EcalClusterAnalyzer/sp_ele_distance_vs_purity
EcalClusterAnalyzer / CLUE,EcalClusterAnalyzer/tag0frac_vs_SPdist
EcalClusterAnalyzer / CLUE,EcalClusterAnalyzer/total_energy_vs_hits
EcalClusterAnalyzer / CLUE,EcalClusterAnalyzer/total_energy_vs_purity
EcalClusterAnalyzer / CLUE,EcalClusterAnalyzer/total_rechits_in_event
EcalClusterAnalyzer / CLUE,EcalClusterAnalyzer/unclustered_hits
EcalClusterAnalyzer / CLUE,EcalClusterAnalyzer/unclustered_hits_percentage
EcalDigiVerify (dqm.EcalDigiVerify),EcalDigiVerify
EcalDigiVerify (dqm.EcalDigiVerify),EcalDigiVerify/is_noise_hit
EcalDigiVerify (dqm.EcalDigiVerify),EcalDigiVerify/num_hit_if_more_than_2hits
EcalDigiVerify (dqm.EcalDigiVerify),EcalDigiVerify/num_mod_with_0hits
EcalDigiVerify (dqm.EcalDigiVerify),EcalDigiVerify/num_mod_with_1hits
EcalDigiVerify (dqm.EcalDigiVerify),EcalDigiVerify/num_mod_with_2hits
EcalDigiVerify (dqm.EcalDigiVerify),EcalDigiVerify/num_mod_with_more_than_2hits
EcalDigiVerify (dqm.EcalDigiVerify),EcalDigiVerify/num_noise_hits
EcalDigiVerify (dqm.EcalDigiVerify),EcalDigiVerify/num_rec_hits
EcalDigiVerify (dqm.EcalDigiVerify),EcalDigiVerify/num_sim_hits_per_cell
EcalDigiVerify (dqm.EcalDigiVerify),EcalDigiVerify/rec_sim_hit_residual_x
EcalDigiVerify (dqm.EcalDigiVerify),EcalDigiVerify/rec_sim_hit_residual_x:layer
EcalDigiVerify (dqm.EcalDigiVerify),EcalDigiVerify/rec_sim_hit_residual_y
EcalDigiVerify (dqm.EcalDigiVerify),EcalDigiVerify/rec_sim_hit_residual_y:layer
EcalDigiVerify (dqm.EcalDigiVerify),EcalDigiVerify/rec_sim_hit_residual_z
EcalDigiVerify (dqm.EcalDigiVerify),EcalDigiVerify/rec_sim_hit_residual_z:layer
EcalDigiVerify (dqm.EcalDigiVerify),EcalDigiVerify/sim_edep:rec_amplitude
EcalDigiVerify (dqm.EcalDigiVerify),EcalDigiVerify/sim_edep:rec_energy
EcalDigiVerify (dqm.EcalDigiVerify),EcalDigiVerify/total_rec_energy
EcalMipTrackingFeatures (dqm.EcalMipTrackingFeatures),EcalMipTrackingFeatures
EcalMipTrackingFeatures (dqm.EcalMipTrackingFeatures),EcalMipTrackingFeatures/ep_ang
EcalMipTrackingFeatures (dqm.EcalMipTrackingFeatures),EcalMipTrackingFeatures/ep_sep
EcalMipTrackingFeatures (dqm.EcalMipTrackingFeatures),EcalMipTrackingFeatures/first_near_photon_layer
EcalMipTrackingFeatures (dqm.EcalMipTrackingFeatures),EcalMipTrackingFeatures/n_linreg_segments
EcalMipTrackingFeatures (dqm.EcalMipTrackingFeatures),EcalMipTrackingFeatures/n_straight_tracks
EcalMipTrackingFeatures (dqm.EcalMipTrackingFeatures),EcalMipTrackingFeatures/n_tracking_hits
EcalMipTrackingFeatures (dqm.EcalMipTrackingFeatures),EcalMipTrackingFeatures/recoil_pt
EcalMipTrackingFeatures (dqm.EcalMipTrackingFeatures),EcalMipTrackingFeatures/recoil_pz
EcalMipTrackingFeatures (dqm.EcalMipTrackingFeatures),EcalMipTrackingFeatures/recoil_x
EcalMipTrackingFeatures (dqm.EcalMipTrackingFeatures),EcalMipTrackingFeatures/recoil_y
EcalShowerFeatures (dqm.EcalShowerFeatures),EcalShowerFeatures
EcalShowerFeatures (dqm.EcalShowerFeatures),EcalShowerFeatures/avg_layer_hit
EcalShowerFeatures (dqm.EcalShowerFeatures),EcalShowerFeatures/deepest_layer_hit
EcalShowerFeatures (dqm.EcalShowerFeatures),EcalShowerFeatures/e_containment_energy
EcalShowerFeatures (dqm.EcalShowerFeatures),EcalShowerFeatures/max_cell_dep
EcalShowerFeatures (dqm.EcalShowerFeatures),EcalShowerFeatures/num_readout_hits
EcalShowerFeatures (dqm.EcalShowerFeatures),EcalShowerFeatures/out_containment_energy
EcalShowerFeatures (dqm.EcalShowerFeatures),EcalShowerFeatures/ph_containment_energy
EcalShowerFeatures (dqm.EcalShowerFeatures),EcalShowerFeatures/shower_rms
EcalShowerFeatures (dqm.EcalShowerFeatures),EcalShowerFeatures/std_layer_hit
EcalShowerFeatures (dqm.EcalShowerFeatures),EcalShowerFeatures/summed_back
EcalShowerFeatures (dqm.EcalShowerFeatures),EcalShowerFeatures/summed_det
EcalShowerFeatures (dqm.EcalShowerFeatures),EcalShowerFeatures/summed_iso
EcalShowerFeatures (dqm.EcalShowerFeatures),EcalShowerFeatures/x_std
EcalShowerFeatures (dqm.EcalShowerFeatures),EcalShowerFeatures/y_std
EcalVetoResults / ECAL veto DQM (dqm.EcalVetoResults),EcalVetoResults
EcalVetoResults / ECAL veto DQM (dqm.EcalVetoResults),EcalVetoResults/bdt_disc
EcalVetoResults / ECAL veto DQM (dqm.EcalVetoResults),EcalVetoResults/bdt_disc_log
EcalVetoResults / ECAL veto DQM (dqm.EcalVetoResults),EcalVetoResults/bdt_pass
EcalVetoResults / ECAL veto DQM (dqm.EcalVetoResults),EcalVetoResults/fiducial
HCal DQM / inefficiency,HcalInefficiencyAnalyzer
HCal DQM / inefficiency,HcalInefficiencyAnalyzer/efficiency
HCal DQM / inefficiency,HcalInefficiencyAnalyzer/inefficiency_back
HCal DQM / inefficiency,HcalInefficiencyAnalyzer/inefficiency_bottom
HCal DQM / inefficiency,HcalInefficiencyAnalyzer/inefficiency_left
HCal DQM / inefficiency,HcalInefficiencyAnalyzer/inefficiency_right
HCal DQM / inefficiency,HcalInefficiencyAnalyzer/inefficiency_top
HCal DQM / inefficiency,hcal_dqm_back
HCal DQM / inefficiency,hcal_dqm_back/along_x
HCal DQM / inefficiency,hcal_dqm_back/along_y
HCal DQM / inefficiency,hcal_dqm_back/along_z
HCal DQM / inefficiency,hcal_dqm_back/energy
HCal DQM / inefficiency,hcal_dqm_back/hit_multiplicity
HCal DQM / inefficiency,hcal_dqm_back/hit_time
HCal DQM / inefficiency,hcal_dqm_back/hit_z
HCal DQM / inefficiency,hcal_dqm_back/layer
HCal DQM / inefficiency,hcal_dqm_back/layer:strip
HCal DQM / inefficiency,hcal_dqm_back/max_pe
HCal DQM / inefficiency,hcal_dqm_back/max_pe_adc
HCal DQM / inefficiency,hcal_dqm_back/max_pe_adc_time
HCal DQM / inefficiency,hcal_dqm_back/max_pe_time
HCal DQM / inefficiency,hcal_dqm_back/noise
HCal DQM / inefficiency,hcal_dqm_back/pe
HCal DQM / inefficiency,hcal_dqm_back/sim_along_x
HCal DQM / inefficiency,hcal_dqm_back/sim_along_y
HCal DQM / inefficiency,hcal_dqm_back/sim_along_z
HCal DQM / inefficiency,hcal_dqm_back/sim_energy
HCal DQM / inefficiency,hcal_dqm_back/sim_energy_per_bar
HCal DQM / inefficiency,hcal_dqm_back/sim_hit_multiplicity
HCal DQM / inefficiency,hcal_dqm_back/sim_hit_time
HCal DQM / inefficiency,hcal_dqm_back/sim_layer
HCal DQM / inefficiency,hcal_dqm_back/sim_layer:strip
HCal DQM / inefficiency,hcal_dqm_back/sim_num_bars_hit
HCal DQM / inefficiency,hcal_dqm_back/sim_total_energy
HCal DQM / inefficiency,hcal_dqm_back/total_energy
HCal DQM / inefficiency,hcal_dqm_back/total_pe
HCal DQM / inefficiency,hcal_dqm_back/vetoable_hit_multiplicity
HCal DQM / inefficiency,hcal_dqm_bottom
HCal DQM / inefficiency,hcal_dqm_bottom/along_x
HCal DQM / inefficiency,hcal_dqm_bottom/along_y
HCal DQM / inefficiency,hcal_dqm_bottom/along_z
HCal DQM / inefficiency,hcal_dqm_bottom/energy
HCal DQM / inefficiency,hcal_dqm_bottom/hit_multiplicity
HCal DQM / inefficiency,hcal_dqm_bottom/hit_time
HCal DQM / inefficiency,hcal_dqm_bottom/hit_z
HCal DQM / inefficiency,hcal_dqm_bottom/layer
HCal DQM / inefficiency,hcal_dqm_bottom/layer:strip
HCal DQM / inefficiency,hcal_dqm_bottom/max_pe
HCal DQM / inefficiency,hcal_dqm_bottom/max_pe_adc
HCal DQM / inefficiency,hcal_dqm_bottom/max_pe_adc_time
HCal DQM / inefficiency,hcal_dqm_bottom/max_pe_time
HCal DQM / inefficiency,hcal_dqm_bottom/noise
HCal DQM / inefficiency,hcal_dqm_bottom/pe
HCal DQM / inefficiency,hcal_dqm_bottom/sim_along_x
HCal DQM / inefficiency,hcal_dqm_bottom/sim_along_y
HCal DQM / inefficiency,hcal_dqm_bottom/sim_along_z
HCal DQM / inefficiency,hcal_dqm_bottom/sim_energy
HCal DQM / inefficiency,hcal_dqm_bottom/sim_energy_per_bar
HCal DQM / inefficiency,hcal_dqm_bottom/sim_hit_multiplicity
HCal DQM / inefficiency,hcal_dqm_bottom/sim_hit_time
HCal DQM / inefficiency,hcal_dqm_bottom/sim_layer
HCal DQM / inefficiency,hcal_dqm_bottom/sim_layer:strip
HCal DQM / inefficiency,hcal_dqm_bottom/sim_num_bars_hit
HCal DQM / inefficiency,hcal_dqm_bottom/sim_total_energy
HCal DQM / inefficiency,hcal_dqm_bottom/total_energy
HCal DQM / inefficiency,hcal_dqm_bottom/total_pe
HCal DQM / inefficiency,hcal_dqm_bottom/vetoable_hit_multiplicity
HCal DQM / inefficiency,hcal_dqm_left
HCal DQM / inefficiency,hcal_dqm_left/along_x
HCal DQM / inefficiency,hcal_dqm_left/along_y
HCal DQM / inefficiency,hcal_dqm_left/along_z
HCal DQM / inefficiency,hcal_dqm_left/energy
HCal DQM / inefficiency,hcal_dqm_left/hit_multiplicity
HCal DQM / inefficiency,hcal_dqm_left/hit_time
HCal DQM / inefficiency,hcal_dqm_left/hit_z
HCal DQM / inefficiency,hcal_dqm_left/layer
HCal DQM / inefficiency,hcal_dqm_left/layer:strip
HCal DQM / inefficiency,hcal_dqm_left/max_pe
HCal DQM / inefficiency,hcal_dqm_left/max_pe_adc
HCal DQM / inefficiency,hcal_dqm_left/max_pe_adc_time
HCal DQM / inefficiency,hcal_dqm_left/max_pe_time
HCal DQM / inefficiency,hcal_dqm_left/noise
HCal DQM / inefficiency,hcal_dqm_left/pe
HCal DQM / inefficiency,hcal_dqm_left/sim_along_x
HCal DQM / inefficiency,hcal_dqm_left/sim_along_y
HCal DQM / inefficiency,hcal_dqm_left/sim_along_z
HCal DQM / inefficiency,hcal_dqm_left/sim_energy
HCal DQM / inefficiency,hcal_dqm_left/sim_energy_per_bar
HCal DQM / inefficiency,hcal_dqm_left/sim_hit_multiplicity
HCal DQM / inefficiency,hcal_dqm_left/sim_hit_time
HCal DQM / inefficiency,hcal_dqm_left/sim_layer
HCal DQM / inefficiency,hcal_dqm_left/sim_layer:strip
HCal DQM / inefficiency,hcal_dqm_left/sim_num_bars_hit
HCal DQM / inefficiency,hcal_dqm_left/sim_total_energy
HCal DQM / inefficiency,hcal_dqm_left/total_energy
HCal DQM / inefficiency,hcal_dqm_left/total_pe
HCal DQM / inefficiency,hcal_dqm_left/vetoable_hit_multiplicity
HCal DQM / inefficiency,hcal_dqm_right
HCal DQM / inefficiency,hcal_dqm_right/along_x
HCal DQM / inefficiency,hcal_dqm_right/along_y
HCal DQM / inefficiency,hcal_dqm_right/along_z
HCal DQM / inefficiency,hcal_dqm_right/energy
HCal DQM / inefficiency,hcal_dqm_right/hit_multiplicity
HCal DQM / inefficiency,hcal_dqm_right/hit_time
HCal DQM / inefficiency,hcal_dqm_right/hit_z
HCal DQM / inefficiency,hcal_dqm_right/layer
HCal DQM / inefficiency,hcal_dqm_right/layer:strip
HCal DQM / inefficiency,hcal_dqm_right/max_pe
HCal DQM / inefficiency,hcal_dqm_right/max_pe_adc
HCal DQM / inefficiency,hcal_dqm_right/max_pe_adc_time
HCal DQM / inefficiency,hcal_dqm_right/max_pe_time
HCal DQM / inefficiency,hcal_dqm_right/noise
HCal DQM / inefficiency,hcal_dqm_right/pe
HCal DQM / inefficiency,hcal_dqm_right/sim_along_x
HCal DQM / inefficiency,hcal_dqm_right/sim_along_y
HCal DQM / inefficiency,hcal_dqm_right/sim_along_z
HCal DQM / inefficiency,hcal_dqm_right/sim_energy
HCal DQM / inefficiency,hcal_dqm_right/sim_energy_per_bar
HCal DQM / inefficiency,hcal_dqm_right/sim_hit_multiplicity
HCal DQM / inefficiency,hcal_dqm_right/sim_hit_time
HCal DQM / inefficiency,hcal_dqm_right/sim_layer
HCal DQM / inefficiency,hcal_dqm_right/sim_layer:strip
HCal DQM / inefficiency,hcal_dqm_right/sim_num_bars_hit
HCal DQM / inefficiency,hcal_dqm_right/sim_total_energy
HCal DQM / inefficiency,hcal_dqm_right/total_energy
HCal DQM / inefficiency,hcal_dqm_right/total_pe
HCal DQM / inefficiency,hcal_dqm_right/vetoable_hit_multiplicity
HCal DQM / inefficiency,hcal_dqm_top
HCal DQM / inefficiency,hcal_dqm_top/along_x
HCal DQM / inefficiency,hcal_dqm_top/along_y
HCal DQM / inefficiency,hcal_dqm_top/along_z
HCal DQM / inefficiency,hcal_dqm_top/energy
HCal DQM / inefficiency,hcal_dqm_top/hit_multiplicity
HCal DQM / inefficiency,hcal_dqm_top/hit_time
HCal DQM / inefficiency,hcal_dqm_top/hit_z
HCal DQM / inefficiency,hcal_dqm_top/layer
HCal DQM / inefficiency,hcal_dqm_top/layer:strip
HCal DQM / inefficiency,hcal_dqm_top/max_pe
HCal DQM / inefficiency,hcal_dqm_top/max_pe_adc
HCal DQM / inefficiency,hcal_dqm_top/max_pe_adc_time
HCal DQM / inefficiency,hcal_dqm_top/max_pe_time
HCal DQM / inefficiency,hcal_dqm_top/noise
HCal DQM / inefficiency,hcal_dqm_top/pe
HCal DQM / inefficiency,hcal_dqm_top/sim_along_x
HCal DQM / inefficiency,hcal_dqm_top/sim_along_y
HCal DQM / inefficiency,hcal_dqm_top/sim_along_z
HCal DQM / inefficiency,hcal_dqm_top/sim_energy
HCal DQM / inefficiency,hcal_dqm_top/sim_energy_per_bar
HCal DQM / inefficiency,hcal_dqm_top/sim_hit_multiplicity
HCal DQM / inefficiency,hcal_dqm_top/sim_hit_time
HCal DQM / inefficiency,hcal_dqm_top/sim_layer
HCal DQM / inefficiency,hcal_dqm_top/sim_layer:strip
HCal DQM / inefficiency,hcal_dqm_top/sim_num_bars_hit
HCal DQM / inefficiency,hcal_dqm_top/sim_total_energy
HCal DQM / inefficiency,hcal_dqm_top/total_energy
HCal DQM / inefficiency,hcal_dqm_top/total_pe
HCal DQM / inefficiency,hcal_dqm_top/vetoable_hit_multiplicity
Other / uncategorized,PN
Other / uncategorized,PN/1k0_energy
Other / uncategorized,PN/1k0_energy_diff
Other / uncategorized,PN/1k0_energy_frac
Other / uncategorized,PN/1k0_ke:2nd_h_ke
Other / uncategorized,PN/1kp_energy
Other / uncategorized,PN/1kp_energy_diff
Other / uncategorized,PN/1kp_energy_frac
Other / uncategorized,PN/1kp_ke:2nd_h_ke
Other / uncategorized,PN/1n_energy_diff
Other / uncategorized,PN/1n_energy_frac
Other / uncategorized,PN/1n_event_type
Other / uncategorized,PN/1n_ke:2nd_h_ke
Other / uncategorized,PN/1n_neutron_energy
Other / uncategorized,PN/2n_energy_frac
Other / uncategorized,PN/2n_energy_other
Other / uncategorized,PN/2n_n2_energy
Other / uncategorized,PN/event_type
Other / uncategorized,PN/event_type_2000mev
Other / uncategorized,PN/event_type_500mev
Other / uncategorized,PN/event_type_compact
Other / uncategorized,PN/event_type_compact_2000mev
Other / uncategorized,PN/event_type_compact_500mev
Other / uncategorized,PN/h_ke_h_theta
Other / uncategorized,PN/hardest_ke
Other / uncategorized,PN/hardest_n_ke
Other / uncategorized,PN/hardest_n_theta
Other / uncategorized,PN/hardest_p_ke
Other / uncategorized,PN/hardest_p_theta
Other / uncategorized,PN/hardest_pi_ke
Other / uncategorized,PN/hardest_pi_theta
Other / uncategorized,PN/hardest_theta
Other / uncategorized,PN/pn_gamma_energy
Other / uncategorized,PN/pn_gamma_int_x
Other / uncategorized,PN/pn_gamma_int_x:pn_gamma_int_y
Other / uncategorized,PN/pn_gamma_int_y
Other / uncategorized,PN/pn_gamma_int_z
Other / uncategorized,PN/pn_gamma_vertex_x
Other / uncategorized,PN/pn_gamma_vertex_y
Other / uncategorized,PN/pn_gamma_vertex_z
Other / uncategorized,PN/pn_interaction_material
Other / uncategorized,PN/pn_neutron_mult
Other / uncategorized,PN/pn_particle_mult
Other / uncategorized,PN/pn_total_ke
Other / uncategorized,PN/pn_total_neutron_ke
Other / uncategorized,PN/pn_vertex_volume
Other / uncategorized,PN/recoil_vertex_x
Other / uncategorized,PN/recoil_vertex_x:recoil_vertex_y
Other / uncategorized,PN/recoil_vertex_y
Other / uncategorized,PN/recoil_vertex_z
Other / uncategorized,RecoilDQM
Other / uncategorized,RecoilDQM/Chi2
Other / uncategorized,RecoilDQM/Chi2_per_ndf
Other / uncategorized,RecoilDQM/LayersHit
Other / uncategorized,RecoilDQM/N_tracks
Other / uncategorized,RecoilDQM/d0
Other / uncategorized,RecoilDQM/d0_err
Other / uncategorized,RecoilDQM/d0_err_vs_p
Other / uncategorized,RecoilDQM/dup_Chi2
Other / uncategorized,RecoilDQM/dup_Chi2_per_ndf
Other / uncategorized,RecoilDQM/dup_LayersHit
Other / uncategorized,RecoilDQM/dup_d0
Other / uncategorized,RecoilDQM/dup_nHits
Other / uncategorized,RecoilDQM/dup_nHoles
Other / uncategorized,RecoilDQM/dup_nShared
Other / uncategorized,RecoilDQM/dup_p
Other / uncategorized,RecoilDQM/dup_phi
Other / uncategorized,RecoilDQM/dup_qop
Other / uncategorized,RecoilDQM/dup_theta
Other / uncategorized,RecoilDQM/dup_z0
Other / uncategorized,RecoilDQM/ecal_Pulls_of_loc0
Other / uncategorized,RecoilDQM/ecal_Pulls_of_loc1
Other / uncategorized,RecoilDQM/ecal_pulls_loc0-vs-N_hits
Other / uncategorized,RecoilDQM/ecal_pulls_loc0-vs-trk_p
Other / uncategorized,RecoilDQM/ecal_pulls_loc1-vs-N_hits
Other / uncategorized,RecoilDQM/ecal_pulls_loc1-vs-trk_p
Other / uncategorized,RecoilDQM/ecal_res_loc0-vs-N_hits
Other / uncategorized,RecoilDQM/ecal_res_loc0-vs-trk_p
Other / uncategorized,RecoilDQM/ecal_res_loc1-vs-N_hits
Other / uncategorized,RecoilDQM/ecal_res_loc1-vs-trk_p
Other / uncategorized,RecoilDQM/ecal_sp_hit_X
Other / uncategorized,RecoilDQM/ecal_sp_hit_Y
Other / uncategorized,RecoilDQM/fake_Chi2
Other / uncategorized,RecoilDQM/fake_Chi2_per_ndf
Other / uncategorized,RecoilDQM/fake_LayersHit
Other / uncategorized,RecoilDQM/fake_d0
Other / uncategorized,RecoilDQM/fake_nHits
Other / uncategorized,RecoilDQM/fake_nHoles
Other / uncategorized,RecoilDQM/fake_nShared
Other / uncategorized,RecoilDQM/fake_p
Other / uncategorized,RecoilDQM/fake_phi
Other / uncategorized,RecoilDQM/fake_qop
Other / uncategorized,RecoilDQM/fake_theta
Other / uncategorized,RecoilDQM/fake_z0
Other / uncategorized,RecoilDQM/match_LayersHit
Other / uncategorized,RecoilDQM/match_PID
Other / uncategorized,RecoilDQM/match_beam_angle
Other / uncategorized,RecoilDQM/match_d0
Other / uncategorized,RecoilDQM/match_electron_p
Other / uncategorized,RecoilDQM/match_kminus_p
Other / uncategorized,RecoilDQM/match_kplus_p
Other / uncategorized,RecoilDQM/match_nHits
Other / uncategorized,RecoilDQM/match_p
Other / uncategorized,RecoilDQM/match_phi
Other / uncategorized,RecoilDQM/match_piminus_p
Other / uncategorized,RecoilDQM/match_piplus_p
Other / uncategorized,RecoilDQM/match_positron_p
Other / uncategorized,RecoilDQM/match_prob
Other / uncategorized,RecoilDQM/match_proton_p
Other / uncategorized,RecoilDQM/match_qop
Other / uncategorized,RecoilDQM/match_theta
Other / uncategorized,RecoilDQM/match_z0
Other / uncategorized,RecoilDQM/nHits
Other / uncategorized,RecoilDQM/nHoles
Other / uncategorized,RecoilDQM/nShared
Other / uncategorized,RecoilDQM/ndf
Other / uncategorized,RecoilDQM/p
Other / uncategorized,RecoilDQM/p_err
Other / uncategorized,RecoilDQM/p_err_vs_p
Other / uncategorized,RecoilDQM/p_err_vs_p_10hits
Other / uncategorized,RecoilDQM/p_err_vs_p_8hits
Other / uncategorized,RecoilDQM/p_err_vs_p_9hits
Other / uncategorized,RecoilDQM/phi
Other / uncategorized,RecoilDQM/phi_err
Other / uncategorized,RecoilDQM/pt_beam
Other / uncategorized,RecoilDQM/pt_bending
Other / uncategorized,RecoilDQM/pull_d0
Other / uncategorized,RecoilDQM/pull_d0_vs_p
Other / uncategorized,RecoilDQM/pull_p
Other / uncategorized,RecoilDQM/pull_phi
Other / uncategorized,RecoilDQM/pull_phi_vs_p
Other / uncategorized,RecoilDQM/pull_qop
Other / uncategorized,RecoilDQM/pull_qop_vs_p
Other / uncategorized,RecoilDQM/pull_theta
Other / uncategorized,RecoilDQM/pull_theta_vs_p
Other / uncategorized,RecoilDQM/pull_z0
Other / uncategorized,RecoilDQM/pull_z0_vs_p
Other / uncategorized,RecoilDQM/px
Other / uncategorized,RecoilDQM/py
Other / uncategorized,RecoilDQM/pz
Other / uncategorized,RecoilDQM/qop
Other / uncategorized,RecoilDQM/qop_err
Other / uncategorized,RecoilDQM/res_d0
Other / uncategorized,RecoilDQM/res_d0_vs_p
Other / uncategorized,RecoilDQM/res_p
Other / uncategorized,RecoilDQM/res_p_vs_p
Other / uncategorized,RecoilDQM/res_p_vs_p_10hits
Other / uncategorized,RecoilDQM/res_p_vs_p_8hits
Other / uncategorized,RecoilDQM/res_p_vs_p_9hits
Other / uncategorized,RecoilDQM/res_phi
Other / uncategorized,RecoilDQM/res_phi_vs_p
Other / uncategorized,RecoilDQM/res_pt_beam
Other / uncategorized,RecoilDQM/res_pt_beam_vs_p
Other / uncategorized,RecoilDQM/res_qop
Other / uncategorized,RecoilDQM/res_qop_vs_p
Other / uncategorized,RecoilDQM/res_theta
Other / uncategorized,RecoilDQM/res_theta_vs_p
Other / uncategorized,RecoilDQM/res_z0
Other / uncategorized,RecoilDQM/res_z0_vs_p
Other / uncategorized,RecoilDQM/target_Pulls_of_loc0
Other / uncategorized,RecoilDQM/target_Pulls_of_loc1
Other / uncategorized,RecoilDQM/target_pulls_loc0-vs-N_hits
Other / uncategorized,RecoilDQM/target_pulls_loc0-vs-trk_p
Other / uncategorized,RecoilDQM/target_pulls_loc1-vs-N_hits
Other / uncategorized,RecoilDQM/target_pulls_loc1-vs-trk_p
Other / uncategorized,RecoilDQM/target_res_loc0-vs-N_hits
Other / uncategorized,RecoilDQM/target_res_loc0-vs-trk_p
Other / uncategorized,RecoilDQM/target_res_loc1-vs-N_hits
Other / uncategorized,RecoilDQM/target_res_loc1-vs-trk_p
Other / uncategorized,RecoilDQM/target_sp_hit_X
Other / uncategorized,RecoilDQM/target_sp_hit_Y
Other / uncategorized,RecoilDQM/theta
Other / uncategorized,RecoilDQM/theta_err
Other / uncategorized,RecoilDQM/trk_ecal_loc0
Other / uncategorized,RecoilDQM/trk_ecal_loc0-sp_hit_X
Other / uncategorized,RecoilDQM/trk_ecal_loc1
Other / uncategorized,RecoilDQM/trk_ecal_loc1-sp_hit_Y
Other / uncategorized,RecoilDQM/trk_target_loc0
Other / uncategorized,RecoilDQM/trk_target_loc0-sp_hit_X
Other / uncategorized,RecoilDQM/trk_target_loc1
Other / uncategorized,RecoilDQM/trk_target_loc1-sp_hit_Y
Other / uncategorized,RecoilDQM/truth_LayersHit
Other / uncategorized,RecoilDQM/truth_N_tracks
Other / uncategorized,RecoilDQM/truth_PID
Other / uncategorized,RecoilDQM/truth_beam_angle
Other / uncategorized,RecoilDQM/truth_d0
Other / uncategorized,RecoilDQM/truth_electron_p
Other / uncategorized,RecoilDQM/truth_kminus_p
Other / uncategorized,RecoilDQM/truth_kplus_p
Other / uncategorized,RecoilDQM/truth_nHits
Other / uncategorized,RecoilDQM/truth_p
Other / uncategorized,RecoilDQM/truth_phi
Other / uncategorized,RecoilDQM/truth_piminus_p
Other / uncategorized,RecoilDQM/truth_piplus_p
Other / uncategorized,RecoilDQM/truth_positron_p
Other / uncategorized,RecoilDQM/truth_proton_p
Other / uncategorized,RecoilDQM/truth_qop
Other / uncategorized,RecoilDQM/truth_theta
Other / uncategorized,RecoilDQM/truth_z0
Other / uncategorized,RecoilDQM/z0
Other / uncategorized,RecoilDQM/z0_err
Other / uncategorized,RecoilDQM/z0_err_vs_p
Other / uncategorized,RecoilGASDQM
Other / uncategorized,RecoilGASDQM/Chi2
Other / uncategorized,RecoilGASDQM/Chi2_per_ndf
Other / uncategorized,RecoilGASDQM/LayersHit
Other / uncategorized,RecoilGASDQM/N_tracks
Other / uncategorized,RecoilGASDQM/d0
Other / uncategorized,RecoilGASDQM/d0_err
Other / uncategorized,RecoilGASDQM/d0_err_vs_p
Other / uncategorized,RecoilGASDQM/dup_Chi2
Other / uncategorized,RecoilGASDQM/dup_Chi2_per_ndf
Other / uncategorized,RecoilGASDQM/dup_LayersHit
Other / uncategorized,RecoilGASDQM/dup_d0
Other / uncategorized,RecoilGASDQM/dup_nHits
Other / uncategorized,RecoilGASDQM/dup_nHoles
Other / uncategorized,RecoilGASDQM/dup_nShared
Other / uncategorized,RecoilGASDQM/dup_p
Other / uncategorized,RecoilGASDQM/dup_phi
Other / uncategorized,RecoilGASDQM/dup_qop
Other / uncategorized,RecoilGASDQM/dup_theta
Other / uncategorized,RecoilGASDQM/dup_z0
Other / uncategorized,RecoilGASDQM/ecal_Pulls_of_loc0
Other / uncategorized,RecoilGASDQM/ecal_Pulls_of_loc1
Other / uncategorized,RecoilGASDQM/ecal_pulls_loc0-vs-N_hits
Other / uncategorized,RecoilGASDQM/ecal_pulls_loc0-vs-trk_p
Other / uncategorized,RecoilGASDQM/ecal_pulls_loc1-vs-N_hits
Other / uncategorized,RecoilGASDQM/ecal_pulls_loc1-vs-trk_p
Other / uncategorized,RecoilGASDQM/ecal_res_loc0-vs-N_hits
Other / uncategorized,RecoilGASDQM/ecal_res_loc0-vs-trk_p
Other / uncategorized,RecoilGASDQM/ecal_res_loc1-vs-N_hits
Other / uncategorized,RecoilGASDQM/ecal_res_loc1-vs-trk_p
Other / uncategorized,RecoilGASDQM/ecal_sp_hit_X
Other / uncategorized,RecoilGASDQM/ecal_sp_hit_Y
Other / uncategorized,RecoilGASDQM/fake_Chi2
Other / uncategorized,RecoilGASDQM/fake_Chi2_per_ndf
Other / uncategorized,RecoilGASDQM/fake_LayersHit
Other / uncategorized,RecoilGASDQM/fake_d0
Other / uncategorized,RecoilGASDQM/fake_nHits
Other / uncategorized,RecoilGASDQM/fake_nHoles
Other / uncategorized,RecoilGASDQM/fake_nShared
Other / uncategorized,RecoilGASDQM/fake_p
Other / uncategorized,RecoilGASDQM/fake_phi
Other / uncategorized,RecoilGASDQM/fake_qop
Other / uncategorized,RecoilGASDQM/fake_theta
Other / uncategorized,RecoilGASDQM/fake_z0
Other / uncategorized,RecoilGASDQM/match_LayersHit
Other / uncategorized,RecoilGASDQM/match_PID
Other / uncategorized,RecoilGASDQM/match_beam_angle
Other / uncategorized,RecoilGASDQM/match_d0
Other / uncategorized,RecoilGASDQM/match_electron_p
Other / uncategorized,RecoilGASDQM/match_kminus_p
Other / uncategorized,RecoilGASDQM/match_kplus_p
Other / uncategorized,RecoilGASDQM/match_nHits
Other / uncategorized,RecoilGASDQM/match_p
Other / uncategorized,RecoilGASDQM/match_phi
Other / uncategorized,RecoilGASDQM/match_piminus_p
Other / uncategorized,RecoilGASDQM/match_piplus_p
Other / uncategorized,RecoilGASDQM/match_positron_p
Other / uncategorized,RecoilGASDQM/match_prob
Other / uncategorized,RecoilGASDQM/match_proton_p
Other / uncategorized,RecoilGASDQM/match_qop
Other / uncategorized,RecoilGASDQM/match_theta
Other / uncategorized,RecoilGASDQM/match_z0
Other / uncategorized,RecoilGASDQM/nHits
Other / uncategorized,RecoilGASDQM/nHoles
Other / uncategorized,RecoilGASDQM/nShared
Other / uncategorized,RecoilGASDQM/ndf
Other / uncategorized,RecoilGASDQM/p
Other / uncategorized,RecoilGASDQM/p_err
Other / uncategorized,RecoilGASDQM/p_err_vs_p
Other / uncategorized,RecoilGASDQM/p_err_vs_p_10hits
Other / uncategorized,RecoilGASDQM/p_err_vs_p_8hits
Other / uncategorized,RecoilGASDQM/p_err_vs_p_9hits
Other / uncategorized,RecoilGASDQM/phi
Other / uncategorized,RecoilGASDQM/phi_err
Other / uncategorized,RecoilGASDQM/pt_beam
Other / uncategorized,RecoilGASDQM/pt_bending
Other / uncategorized,RecoilGASDQM/pull_d0
Other / uncategorized,RecoilGASDQM/pull_d0_vs_p
Other / uncategorized,RecoilGASDQM/pull_p
Other / uncategorized,RecoilGASDQM/pull_phi
Other / uncategorized,RecoilGASDQM/pull_phi_vs_p
Other / uncategorized,RecoilGASDQM/pull_qop
Other / uncategorized,RecoilGASDQM/pull_qop_vs_p
Other / uncategorized,RecoilGASDQM/pull_theta
Other / uncategorized,RecoilGASDQM/pull_theta_vs_p
Other / uncategorized,RecoilGASDQM/pull_z0
Other / uncategorized,RecoilGASDQM/pull_z0_vs_p
Other / uncategorized,RecoilGASDQM/px
Other / uncategorized,RecoilGASDQM/py
Other / uncategorized,RecoilGASDQM/pz
Other / uncategorized,RecoilGASDQM/qop
Other / uncategorized,RecoilGASDQM/qop_err
Other / uncategorized,RecoilGASDQM/res_d0
Other / uncategorized,RecoilGASDQM/res_d0_vs_p
Other / uncategorized,RecoilGASDQM/res_p
Other / uncategorized,RecoilGASDQM/res_p_vs_p
Other / uncategorized,RecoilGASDQM/res_p_vs_p_10hits
Other / uncategorized,RecoilGASDQM/res_p_vs_p_8hits
Other / uncategorized,RecoilGASDQM/res_p_vs_p_9hits
Other / uncategorized,RecoilGASDQM/res_phi
Other / uncategorized,RecoilGASDQM/res_phi_vs_p
Other / uncategorized,RecoilGASDQM/res_pt_beam
Other / uncategorized,RecoilGASDQM/res_pt_beam_vs_p
Other / uncategorized,RecoilGASDQM/res_qop
Other / uncategorized,RecoilGASDQM/res_qop_vs_p
Other / uncategorized,RecoilGASDQM/res_theta
Other / uncategorized,RecoilGASDQM/res_theta_vs_p
Other / uncategorized,RecoilGASDQM/res_z0
Other / uncategorized,RecoilGASDQM/res_z0_vs_p
Other / uncategorized,RecoilGASDQM/target_Pulls_of_loc0
Other / uncategorized,RecoilGASDQM/target_Pulls_of_loc1
Other / uncategorized,RecoilGASDQM/target_pulls_loc0-vs-N_hits
Other / uncategorized,RecoilGASDQM/target_pulls_loc0-vs-trk_p
Other / uncategorized,RecoilGASDQM/target_pulls_loc1-vs-N_hits
Other / uncategorized,RecoilGASDQM/target_pulls_loc1-vs-trk_p
Other / uncategorized,RecoilGASDQM/target_res_loc0-vs-N_hits
Other / uncategorized,RecoilGASDQM/target_res_loc0-vs-trk_p
Other / uncategorized,RecoilGASDQM/target_res_loc1-vs-N_hits
Other / uncategorized,RecoilGASDQM/target_res_loc1-vs-trk_p
Other / uncategorized,RecoilGASDQM/target_sp_hit_X
Other / uncategorized,RecoilGASDQM/target_sp_hit_Y
Other / uncategorized,RecoilGASDQM/theta
Other / uncategorized,RecoilGASDQM/theta_err
Other / uncategorized,RecoilGASDQM/trk_ecal_loc0
Other / uncategorized,RecoilGASDQM/trk_ecal_loc0-sp_hit_X
Other / uncategorized,RecoilGASDQM/trk_ecal_loc1
Other / uncategorized,RecoilGASDQM/trk_ecal_loc1-sp_hit_Y
Other / uncategorized,RecoilGASDQM/trk_target_loc0
Other / uncategorized,RecoilGASDQM/trk_target_loc0-sp_hit_X
Other / uncategorized,RecoilGASDQM/trk_target_loc1
Other / uncategorized,RecoilGASDQM/trk_target_loc1-sp_hit_Y
Other / uncategorized,RecoilGASDQM/truth_LayersHit
Other / uncategorized,RecoilGASDQM/truth_N_tracks
Other / uncategorized,RecoilGASDQM/truth_PID
Other / uncategorized,RecoilGASDQM/truth_beam_angle
Other / uncategorized,RecoilGASDQM/truth_d0
Other / uncategorized,RecoilGASDQM/truth_electron_p
Other / uncategorized,RecoilGASDQM/truth_kminus_p
Other / uncategorized,RecoilGASDQM/truth_kplus_p
Other / uncategorized,RecoilGASDQM/truth_nHits
Other / uncategorized,RecoilGASDQM/truth_p
Other / uncategorized,RecoilGASDQM/truth_phi
Other / uncategorized,RecoilGASDQM/truth_piminus_p
Other / uncategorized,RecoilGASDQM/truth_piplus_p
Other / uncategorized,RecoilGASDQM/truth_positron_p
Other / uncategorized,RecoilGASDQM/truth_proton_p
Other / uncategorized,RecoilGASDQM/truth_qop
Other / uncategorized,RecoilGASDQM/truth_theta
Other / uncategorized,RecoilGASDQM/truth_z0
Other / uncategorized,RecoilGASDQM/z0
Other / uncategorized,RecoilGASDQM/z0_err
Other / uncategorized,RecoilGASDQM/z0_err_vs_p
Other / uncategorized,RecoilGSFDQM
Other / uncategorized,RecoilGSFDQM/Chi2
Other / uncategorized,RecoilGSFDQM/Chi2_per_ndf
Other / uncategorized,RecoilGSFDQM/LayersHit
Other / uncategorized,RecoilGSFDQM/N_tracks
Other / uncategorized,RecoilGSFDQM/d0
Other / uncategorized,RecoilGSFDQM/d0_err
Other / uncategorized,RecoilGSFDQM/d0_err_vs_p
Other / uncategorized,RecoilGSFDQM/dup_Chi2
Other / uncategorized,RecoilGSFDQM/dup_Chi2_per_ndf
Other / uncategorized,RecoilGSFDQM/dup_LayersHit
Other / uncategorized,RecoilGSFDQM/dup_d0
Other / uncategorized,RecoilGSFDQM/dup_nHits
Other / uncategorized,RecoilGSFDQM/dup_nHoles
Other / uncategorized,RecoilGSFDQM/dup_nShared
Other / uncategorized,RecoilGSFDQM/dup_p
Other / uncategorized,RecoilGSFDQM/dup_phi
Other / uncategorized,RecoilGSFDQM/dup_qop
Other / uncategorized,RecoilGSFDQM/dup_theta
Other / uncategorized,RecoilGSFDQM/dup_z0
Other / uncategorized,RecoilGSFDQM/ecal_Pulls_of_loc0
Other / uncategorized,RecoilGSFDQM/ecal_Pulls_of_loc1
Other / uncategorized,RecoilGSFDQM/ecal_pulls_loc0-vs-N_hits
Other / uncategorized,RecoilGSFDQM/ecal_pulls_loc0-vs-trk_p
Other / uncategorized,RecoilGSFDQM/ecal_pulls_loc1-vs-N_hits
Other / uncategorized,RecoilGSFDQM/ecal_pulls_loc1-vs-trk_p
Other / uncategorized,RecoilGSFDQM/ecal_res_loc0-vs-N_hits
Other / uncategorized,RecoilGSFDQM/ecal_res_loc0-vs-trk_p
Other / uncategorized,RecoilGSFDQM/ecal_res_loc1-vs-N_hits
Other / uncategorized,RecoilGSFDQM/ecal_res_loc1-vs-trk_p
Other / uncategorized,RecoilGSFDQM/ecal_sp_hit_X
Other / uncategorized,RecoilGSFDQM/ecal_sp_hit_Y
Other / uncategorized,RecoilGSFDQM/fake_Chi2
Other / uncategorized,RecoilGSFDQM/fake_Chi2_per_ndf
Other / uncategorized,RecoilGSFDQM/fake_LayersHit
Other / uncategorized,RecoilGSFDQM/fake_d0
Other / uncategorized,RecoilGSFDQM/fake_nHits
Other / uncategorized,RecoilGSFDQM/fake_nHoles
Other / uncategorized,RecoilGSFDQM/fake_nShared
Other / uncategorized,RecoilGSFDQM/fake_p
Other / uncategorized,RecoilGSFDQM/fake_phi
Other / uncategorized,RecoilGSFDQM/fake_qop
Other / uncategorized,RecoilGSFDQM/fake_theta
Other / uncategorized,RecoilGSFDQM/fake_z0
Other / uncategorized,RecoilGSFDQM/match_LayersHit
Other / uncategorized,RecoilGSFDQM/match_PID
Other / uncategorized,RecoilGSFDQM/match_beam_angle
Other / uncategorized,RecoilGSFDQM/match_d0
Other / uncategorized,RecoilGSFDQM/match_electron_p
Other / uncategorized,RecoilGSFDQM/match_kminus_p
Other / uncategorized,RecoilGSFDQM/match_kplus_p
Other / uncategorized,RecoilGSFDQM/match_nHits
Other / uncategorized,RecoilGSFDQM/match_p
Other / uncategorized,RecoilGSFDQM/match_phi
Other / uncategorized,RecoilGSFDQM/match_piminus_p
Other / uncategorized,RecoilGSFDQM/match_piplus_p
Other / uncategorized,RecoilGSFDQM/match_positron_p
Other / uncategorized,RecoilGSFDQM/match_prob
Other / uncategorized,RecoilGSFDQM/match_proton_p
Other / uncategorized,RecoilGSFDQM/match_qop
Other / uncategorized,RecoilGSFDQM/match_theta
Other / uncategorized,RecoilGSFDQM/match_z0
Other / uncategorized,RecoilGSFDQM/nHits
Other / uncategorized,RecoilGSFDQM/nHoles
Other / uncategorized,RecoilGSFDQM/nShared
Other / uncategorized,RecoilGSFDQM/ndf
Other / uncategorized,RecoilGSFDQM/p
Other / uncategorized,RecoilGSFDQM/p_err
Other / uncategorized,RecoilGSFDQM/p_err_vs_p
Other / uncategorized,RecoilGSFDQM/p_err_vs_p_10hits
Other / uncategorized,RecoilGSFDQM/p_err_vs_p_8hits
Other / uncategorized,RecoilGSFDQM/p_err_vs_p_9hits
Other / uncategorized,RecoilGSFDQM/phi
Other / uncategorized,RecoilGSFDQM/phi_err
Other / uncategorized,RecoilGSFDQM/pt_beam
Other / uncategorized,RecoilGSFDQM/pt_bending
Other / uncategorized,RecoilGSFDQM/pull_d0
Other / uncategorized,RecoilGSFDQM/pull_d0_vs_p
Other / uncategorized,RecoilGSFDQM/pull_p
Other / uncategorized,RecoilGSFDQM/pull_phi
Other / uncategorized,RecoilGSFDQM/pull_phi_vs_p
Other / uncategorized,RecoilGSFDQM/pull_qop
Other / uncategorized,RecoilGSFDQM/pull_qop_vs_p
Other / uncategorized,RecoilGSFDQM/pull_theta
Other / uncategorized,RecoilGSFDQM/pull_theta_vs_p
Other / uncategorized,RecoilGSFDQM/pull_z0
Other / uncategorized,RecoilGSFDQM/pull_z0_vs_p
Other / uncategorized,RecoilGSFDQM/px
Other / uncategorized,RecoilGSFDQM/py
Other / uncategorized,RecoilGSFDQM/pz
Other / uncategorized,RecoilGSFDQM/qop
Other / uncategorized,RecoilGSFDQM/qop_err
Other / uncategorized,RecoilGSFDQM/res_d0
Other / uncategorized,RecoilGSFDQM/res_d0_vs_p
Other / uncategorized,RecoilGSFDQM/res_p
Other / uncategorized,RecoilGSFDQM/res_p_vs_p
Other / uncategorized,RecoilGSFDQM/res_p_vs_p_10hits
Other / uncategorized,RecoilGSFDQM/res_p_vs_p_8hits
Other / uncategorized,RecoilGSFDQM/res_p_vs_p_9hits
Other / uncategorized,RecoilGSFDQM/res_phi
Other / uncategorized,RecoilGSFDQM/res_phi_vs_p
Other / uncategorized,RecoilGSFDQM/res_pt_beam
Other / uncategorized,RecoilGSFDQM/res_pt_beam_vs_p
Other / uncategorized,RecoilGSFDQM/res_qop
Other / uncategorized,RecoilGSFDQM/res_qop_vs_p
Other / uncategorized,RecoilGSFDQM/res_theta
Other / uncategorized,RecoilGSFDQM/res_theta_vs_p
Other / uncategorized,RecoilGSFDQM/res_z0
Other / uncategorized,RecoilGSFDQM/res_z0_vs_p
Other / uncategorized,RecoilGSFDQM/target_Pulls_of_loc0
Other / uncategorized,RecoilGSFDQM/target_Pulls_of_loc1
Other / uncategorized,RecoilGSFDQM/target_pulls_loc0-vs-N_hits
Other / uncategorized,RecoilGSFDQM/target_pulls_loc0-vs-trk_p
Other / uncategorized,RecoilGSFDQM/target_pulls_loc1-vs-N_hits
Other / uncategorized,RecoilGSFDQM/target_pulls_loc1-vs-trk_p
Other / uncategorized,RecoilGSFDQM/target_res_loc0-vs-N_hits
Other / uncategorized,RecoilGSFDQM/target_res_loc0-vs-trk_p
Other / uncategorized,RecoilGSFDQM/target_res_loc1-vs-N_hits
Other / uncategorized,RecoilGSFDQM/target_res_loc1-vs-trk_p
Other / uncategorized,RecoilGSFDQM/target_sp_hit_X
Other / uncategorized,RecoilGSFDQM/target_sp_hit_Y
Other / uncategorized,RecoilGSFDQM/theta
Other / uncategorized,RecoilGSFDQM/theta_err
Other / uncategorized,RecoilGSFDQM/trk_ecal_loc0
Other / uncategorized,RecoilGSFDQM/trk_ecal_loc0-sp_hit_X
Other / uncategorized,RecoilGSFDQM/trk_ecal_loc1
Other / uncategorized,RecoilGSFDQM/trk_ecal_loc1-sp_hit_Y
Other / uncategorized,RecoilGSFDQM/trk_target_loc0
Other / uncategorized,RecoilGSFDQM/trk_target_loc0-sp_hit_X
Other / uncategorized,RecoilGSFDQM/trk_target_loc1
Other / uncategorized,RecoilGSFDQM/trk_target_loc1-sp_hit_Y
Other / uncategorized,RecoilGSFDQM/truth_LayersHit
Other / uncategorized,RecoilGSFDQM/truth_N_tracks
Other / uncategorized,RecoilGSFDQM/truth_PID
Other / uncategorized,RecoilGSFDQM/truth_beam_angle
Other / uncategorized,RecoilGSFDQM/truth_d0
Other / uncategorized,RecoilGSFDQM/truth_electron_p
Other / uncategorized,RecoilGSFDQM/truth_kminus_p
Other / uncategorized,RecoilGSFDQM/truth_kplus_p
Other / uncategorized,RecoilGSFDQM/truth_nHits
Other / uncategorized,RecoilGSFDQM/truth_p
Other / uncategorized,RecoilGSFDQM/truth_phi
Other / uncategorized,RecoilGSFDQM/truth_piminus_p
Other / uncategorized,RecoilGSFDQM/truth_piplus_p
Other / uncategorized,RecoilGSFDQM/truth_positron_p
Other / uncategorized,RecoilGSFDQM/truth_proton_p
Other / uncategorized,RecoilGSFDQM/truth_qop
Other / uncategorized,RecoilGSFDQM/truth_theta
Other / uncategorized,RecoilGSFDQM/truth_z0
Other / uncategorized,RecoilGSFDQM/z0
Other / uncategorized,RecoilGSFDQM/z0_err
Other / uncategorized,RecoilGSFDQM/z0_err_vs_p
Other / uncategorized,SeedRecoilDQM
Other / uncategorized,SeedRecoilDQM/Chi2
Other / uncategorized,SeedRecoilDQM/Chi2_per_ndf
Other / uncategorized,SeedRecoilDQM/LayersHit
Other / uncategorized,SeedRecoilDQM/N_tracks
Other / uncategorized,SeedRecoilDQM/d0
Other / uncategorized,SeedRecoilDQM/d0_err
Other / uncategorized,SeedRecoilDQM/d0_err_vs_p
Other / uncategorized,SeedRecoilDQM/dup_Chi2
Other / uncategorized,SeedRecoilDQM/dup_Chi2_per_ndf
Other / uncategorized,SeedRecoilDQM/dup_LayersHit
Other / uncategorized,SeedRecoilDQM/dup_d0
Other / uncategorized,SeedRecoilDQM/dup_nHits
Other / uncategorized,SeedRecoilDQM/dup_nHoles
Other / uncategorized,SeedRecoilDQM/dup_nShared
Other / uncategorized,SeedRecoilDQM/dup_p
Other / uncategorized,SeedRecoilDQM/dup_phi
Other / uncategorized,SeedRecoilDQM/dup_qop
Other / uncategorized,SeedRecoilDQM/dup_theta
Other / uncategorized,SeedRecoilDQM/dup_z0
Other / uncategorized,SeedRecoilDQM/ecal_Pulls_of_loc0
Other / uncategorized,SeedRecoilDQM/ecal_Pulls_of_loc1
Other / uncategorized,SeedRecoilDQM/ecal_pulls_loc0-vs-N_hits
Other / uncategorized,SeedRecoilDQM/ecal_pulls_loc0-vs-trk_p
Other / uncategorized,SeedRecoilDQM/ecal_pulls_loc1-vs-N_hits
Other / uncategorized,SeedRecoilDQM/ecal_pulls_loc1-vs-trk_p
Other / uncategorized,SeedRecoilDQM/ecal_res_loc0-vs-N_hits
Other / uncategorized,SeedRecoilDQM/ecal_res_loc0-vs-trk_p
Other / uncategorized,SeedRecoilDQM/ecal_res_loc1-vs-N_hits
Other / uncategorized,SeedRecoilDQM/ecal_res_loc1-vs-trk_p
Other / uncategorized,SeedRecoilDQM/ecal_sp_hit_X
Other / uncategorized,SeedRecoilDQM/ecal_sp_hit_Y
Other / uncategorized,SeedRecoilDQM/fake_Chi2
Other / uncategorized,SeedRecoilDQM/fake_Chi2_per_ndf
Other / uncategorized,SeedRecoilDQM/fake_LayersHit
Other / uncategorized,SeedRecoilDQM/fake_d0
Other / uncategorized,SeedRecoilDQM/fake_nHits
Other / uncategorized,SeedRecoilDQM/fake_nHoles
Other / uncategorized,SeedRecoilDQM/fake_nShared
Other / uncategorized,SeedRecoilDQM/fake_p
Other / uncategorized,SeedRecoilDQM/fake_phi
Other / uncategorized,SeedRecoilDQM/fake_qop
Other / uncategorized,SeedRecoilDQM/fake_theta
Other / uncategorized,SeedRecoilDQM/fake_z0
Other / uncategorized,SeedRecoilDQM/match_LayersHit
Other / uncategorized,SeedRecoilDQM/match_PID
Other / uncategorized,SeedRecoilDQM/match_beam_angle
Other / uncategorized,SeedRecoilDQM/match_d0
Other / uncategorized,SeedRecoilDQM/match_electron_p
Other / uncategorized,SeedRecoilDQM/match_kminus_p
Other / uncategorized,SeedRecoilDQM/match_kplus_p
Other / uncategorized,SeedRecoilDQM/match_nHits
Other / uncategorized,SeedRecoilDQM/match_p
Other / uncategorized,SeedRecoilDQM/match_phi
Other / uncategorized,SeedRecoilDQM/match_piminus_p
Other / uncategorized,SeedRecoilDQM/match_piplus_p
Other / uncategorized,SeedRecoilDQM/match_positron_p
Other / uncategorized,SeedRecoilDQM/match_prob
Other / uncategorized,SeedRecoilDQM/match_proton_p
Other / uncategorized,SeedRecoilDQM/match_qop
Other / uncategorized,SeedRecoilDQM/match_theta
Other / uncategorized,SeedRecoilDQM/match_z0
Other / uncategorized,SeedRecoilDQM/nHits
Other / uncategorized,SeedRecoilDQM/nHoles
Other / uncategorized,SeedRecoilDQM/nShared
Other / uncategorized,SeedRecoilDQM/ndf
Other / uncategorized,SeedRecoilDQM/p
Other / uncategorized,SeedRecoilDQM/p_err
Other / uncategorized,SeedRecoilDQM/p_err_vs_p
Other / uncategorized,SeedRecoilDQM/p_err_vs_p_10hits
Other / uncategorized,SeedRecoilDQM/p_err_vs_p_8hits
Other / uncategorized,SeedRecoilDQM/p_err_vs_p_9hits
Other / uncategorized,SeedRecoilDQM/phi
Other / uncategorized,SeedRecoilDQM/phi_err
Other / uncategorized,SeedRecoilDQM/pt_beam
Other / uncategorized,SeedRecoilDQM/pt_bending
Other / uncategorized,SeedRecoilDQM/pull_d0
Other / uncategorized,SeedRecoilDQM/pull_d0_vs_p
Other / uncategorized,SeedRecoilDQM/pull_p
Other / uncategorized,SeedRecoilDQM/pull_phi
Other / uncategorized,SeedRecoilDQM/pull_phi_vs_p
Other / uncategorized,SeedRecoilDQM/pull_qop
Other / uncategorized,SeedRecoilDQM/pull_qop_vs_p
Other / uncategorized,SeedRecoilDQM/pull_theta
Other / uncategorized,SeedRecoilDQM/pull_theta_vs_p
Other / uncategorized,SeedRecoilDQM/pull_z0
Other / uncategorized,SeedRecoilDQM/pull_z0_vs_p
Other / uncategorized,SeedRecoilDQM/px
Other / uncategorized,SeedRecoilDQM/py
Other / uncategorized,SeedRecoilDQM/pz
Other / uncategorized,SeedRecoilDQM/qop
Other / uncategorized,SeedRecoilDQM/qop_err
Other / uncategorized,SeedRecoilDQM/res_d0
Other / uncategorized,SeedRecoilDQM/res_d0_vs_p
Other / uncategorized,SeedRecoilDQM/res_p
Other / uncategorized,SeedRecoilDQM/res_p_vs_p
Other / uncategorized,SeedRecoilDQM/res_p_vs_p_10hits
Other / uncategorized,SeedRecoilDQM/res_p_vs_p_8hits
Other / uncategorized,SeedRecoilDQM/res_p_vs_p_9hits
Other / uncategorized,SeedRecoilDQM/res_phi
Other / uncategorized,SeedRecoilDQM/res_phi_vs_p
Other / uncategorized,SeedRecoilDQM/res_pt_beam
Other / uncategorized,SeedRecoilDQM/res_pt_beam_vs_p
Other / uncategorized,SeedRecoilDQM/res_qop
Other / uncategorized,SeedRecoilDQM/res_qop_vs_p
Other / uncategorized,SeedRecoilDQM/res_theta
Other / uncategorized,SeedRecoilDQM/res_theta_vs_p
Other / uncategorized,SeedRecoilDQM/res_z0
Other / uncategorized,SeedRecoilDQM/res_z0_vs_p
Other / uncategorized,SeedRecoilDQM/target_Pulls_of_loc0
Other / uncategorized,SeedRecoilDQM/target_Pulls_of_loc1
Other / uncategorized,SeedRecoilDQM/target_pulls_loc0-vs-N_hits
Other / uncategorized,SeedRecoilDQM/target_pulls_loc0-vs-trk_p
Other / uncategorized,SeedRecoilDQM/target_pulls_loc1-vs-N_hits
Other / uncategorized,SeedRecoilDQM/target_pulls_loc1-vs-trk_p
Other / uncategorized,SeedRecoilDQM/target_res_loc0-vs-N_hits
Other / uncategorized,SeedRecoilDQM/target_res_loc0-vs-trk_p
Other / uncategorized,SeedRecoilDQM/target_res_loc1-vs-N_hits
Other / uncategorized,SeedRecoilDQM/target_res_loc1-vs-trk_p
Other / uncategorized,SeedRecoilDQM/target_sp_hit_X
Other / uncategorized,SeedRecoilDQM/target_sp_hit_Y
Other / uncategorized,SeedRecoilDQM/theta
Other / uncategorized,SeedRecoilDQM/theta_err
Other / uncategorized,SeedRecoilDQM/trk_ecal_loc0
Other / uncategorized,SeedRecoilDQM/trk_ecal_loc0-sp_hit_X
Other / uncategorized,SeedRecoilDQM/trk_ecal_loc1
Other / uncategorized,SeedRecoilDQM/trk_ecal_loc1-sp_hit_Y
Other / uncategorized,SeedRecoilDQM/trk_target_loc0
Other / uncategorized,SeedRecoilDQM/trk_target_loc0-sp_hit_X
Other / uncategorized,SeedRecoilDQM/trk_target_loc1
Other / uncategorized,SeedRecoilDQM/trk_target_loc1-sp_hit_Y
Other / uncategorized,SeedRecoilDQM/truth_LayersHit
Other / uncategorized,SeedRecoilDQM/truth_N_tracks
Other / uncategorized,SeedRecoilDQM/truth_PID
Other / uncategorized,SeedRecoilDQM/truth_beam_angle
Other / uncategorized,SeedRecoilDQM/truth_d0
Other / uncategorized,SeedRecoilDQM/truth_electron_p
Other / uncategorized,SeedRecoilDQM/truth_kminus_p
Other / uncategorized,SeedRecoilDQM/truth_kplus_p
Other / uncategorized,SeedRecoilDQM/truth_nHits
Other / uncategorized,SeedRecoilDQM/truth_p
Other / uncategorized,SeedRecoilDQM/truth_phi
Other / uncategorized,SeedRecoilDQM/truth_piminus_p
Other / uncategorized,SeedRecoilDQM/truth_piplus_p
Other / uncategorized,SeedRecoilDQM/truth_positron_p
Other / uncategorized,SeedRecoilDQM/truth_proton_p
Other / uncategorized,SeedRecoilDQM/truth_qop
Other / uncategorized,SeedRecoilDQM/truth_theta
Other / uncategorized,SeedRecoilDQM/truth_z0
Other / uncategorized,SeedRecoilDQM/z0
Other / uncategorized,SeedRecoilDQM/z0_err
Other / uncategorized,SeedRecoilDQM/z0_err_vs_p
Other / uncategorized,SeedTaggerDQM
Other / uncategorized,SeedTaggerDQM/Chi2
Other / uncategorized,SeedTaggerDQM/Chi2_per_ndf
Other / uncategorized,SeedTaggerDQM/LayersHit
Other / uncategorized,SeedTaggerDQM/N_tracks
Other / uncategorized,SeedTaggerDQM/d0
Other / uncategorized,SeedTaggerDQM/d0_err
Other / uncategorized,SeedTaggerDQM/d0_err_vs_p
Other / uncategorized,SeedTaggerDQM/dup_Chi2
Other / uncategorized,SeedTaggerDQM/dup_Chi2_per_ndf
Other / uncategorized,SeedTaggerDQM/dup_LayersHit
Other / uncategorized,SeedTaggerDQM/dup_d0
Other / uncategorized,SeedTaggerDQM/dup_nHits
Other / uncategorized,SeedTaggerDQM/dup_nHoles
Other / uncategorized,SeedTaggerDQM/dup_nShared
Other / uncategorized,SeedTaggerDQM/dup_p
Other / uncategorized,SeedTaggerDQM/dup_phi
Other / uncategorized,SeedTaggerDQM/dup_qop
Other / uncategorized,SeedTaggerDQM/dup_theta
Other / uncategorized,SeedTaggerDQM/dup_z0
Other / uncategorized,SeedTaggerDQM/ecal_Pulls_of_loc0
Other / uncategorized,SeedTaggerDQM/ecal_Pulls_of_loc1
Other / uncategorized,SeedTaggerDQM/ecal_pulls_loc0-vs-N_hits
Other / uncategorized,SeedTaggerDQM/ecal_pulls_loc0-vs-trk_p
Other / uncategorized,SeedTaggerDQM/ecal_pulls_loc1-vs-N_hits
Other / uncategorized,SeedTaggerDQM/ecal_pulls_loc1-vs-trk_p
Other / uncategorized,SeedTaggerDQM/ecal_res_loc0-vs-N_hits
Other / uncategorized,SeedTaggerDQM/ecal_res_loc0-vs-trk_p
Other / uncategorized,SeedTaggerDQM/ecal_res_loc1-vs-N_hits
Other / uncategorized,SeedTaggerDQM/ecal_res_loc1-vs-trk_p
Other / uncategorized,SeedTaggerDQM/ecal_sp_hit_X
Other / uncategorized,SeedTaggerDQM/ecal_sp_hit_Y
Other / uncategorized,SeedTaggerDQM/fake_Chi2
Other / uncategorized,SeedTaggerDQM/fake_Chi2_per_ndf
Other / uncategorized,SeedTaggerDQM/fake_LayersHit
Other / uncategorized,SeedTaggerDQM/fake_d0
Other / uncategorized,SeedTaggerDQM/fake_nHits
Other / uncategorized,SeedTaggerDQM/fake_nHoles
Other / uncategorized,SeedTaggerDQM/fake_nShared
Other / uncategorized,SeedTaggerDQM/fake_p
Other / uncategorized,SeedTaggerDQM/fake_phi
Other / uncategorized,SeedTaggerDQM/fake_qop
Other / uncategorized,SeedTaggerDQM/fake_theta
Other / uncategorized,SeedTaggerDQM/fake_z0
Other / uncategorized,SeedTaggerDQM/match_LayersHit
Other / uncategorized,SeedTaggerDQM/match_PID
Other / uncategorized,SeedTaggerDQM/match_beam_angle
Other / uncategorized,SeedTaggerDQM/match_d0
Other / uncategorized,SeedTaggerDQM/match_electron_p
Other / uncategorized,SeedTaggerDQM/match_kminus_p
Other / uncategorized,SeedTaggerDQM/match_kplus_p
Other / uncategorized,SeedTaggerDQM/match_nHits
Other / uncategorized,SeedTaggerDQM/match_p
Other / uncategorized,SeedTaggerDQM/match_phi
Other / uncategorized,SeedTaggerDQM/match_piminus_p
Other / uncategorized,SeedTaggerDQM/match_piplus_p
Other / uncategorized,SeedTaggerDQM/match_positron_p
Other / uncategorized,SeedTaggerDQM/match_prob
Other / uncategorized,SeedTaggerDQM/match_proton_p
Other / uncategorized,SeedTaggerDQM/match_qop
Other / uncategorized,SeedTaggerDQM/match_theta
Other / uncategorized,SeedTaggerDQM/match_z0
Other / uncategorized,SeedTaggerDQM/nHits
Other / uncategorized,SeedTaggerDQM/nHoles
Other / uncategorized,SeedTaggerDQM/nShared
Other / uncategorized,SeedTaggerDQM/ndf
Other / uncategorized,SeedTaggerDQM/p
Other / uncategorized,SeedTaggerDQM/p_err
Other / uncategorized,SeedTaggerDQM/p_err_vs_p
Other / uncategorized,SeedTaggerDQM/p_err_vs_p_10hits
Other / uncategorized,SeedTaggerDQM/p_err_vs_p_8hits
Other / uncategorized,SeedTaggerDQM/p_err_vs_p_9hits
Other / uncategorized,SeedTaggerDQM/phi
Other / uncategorized,SeedTaggerDQM/phi_err
Other / uncategorized,SeedTaggerDQM/pt_beam
Other / uncategorized,SeedTaggerDQM/pt_bending
Other / uncategorized,SeedTaggerDQM/pull_d0
Other / uncategorized,SeedTaggerDQM/pull_d0_vs_p
Other / uncategorized,SeedTaggerDQM/pull_p
Other / uncategorized,SeedTaggerDQM/pull_phi
Other / uncategorized,SeedTaggerDQM/pull_phi_vs_p
Other / uncategorized,SeedTaggerDQM/pull_qop
Other / uncategorized,SeedTaggerDQM/pull_qop_vs_p
Other / uncategorized,SeedTaggerDQM/pull_theta
Other / uncategorized,SeedTaggerDQM/pull_theta_vs_p
Other / uncategorized,SeedTaggerDQM/pull_z0
Other / uncategorized,SeedTaggerDQM/pull_z0_vs_p
Other / uncategorized,SeedTaggerDQM/px
Other / uncategorized,SeedTaggerDQM/py
Other / uncategorized,SeedTaggerDQM/pz
Other / uncategorized,SeedTaggerDQM/qop
Other / uncategorized,SeedTaggerDQM/qop_err
Other / uncategorized,SeedTaggerDQM/res_d0
Other / uncategorized,SeedTaggerDQM/res_d0_vs_p
Other / uncategorized,SeedTaggerDQM/res_p
Other / uncategorized,SeedTaggerDQM/res_p_vs_p
Other / uncategorized,SeedTaggerDQM/res_p_vs_p_10hits
Other / uncategorized,SeedTaggerDQM/res_p_vs_p_8hits
Other / uncategorized,SeedTaggerDQM/res_p_vs_p_9hits
Other / uncategorized,SeedTaggerDQM/res_phi
Other / uncategorized,SeedTaggerDQM/res_phi_vs_p
Other / uncategorized,SeedTaggerDQM/res_pt_beam
Other / uncategorized,SeedTaggerDQM/res_pt_beam_vs_p
Other / uncategorized,SeedTaggerDQM/res_qop
Other / uncategorized,SeedTaggerDQM/res_qop_vs_p
Other / uncategorized,SeedTaggerDQM/res_theta
Other / uncategorized,SeedTaggerDQM/res_theta_vs_p
Other / uncategorized,SeedTaggerDQM/res_z0
Other / uncategorized,SeedTaggerDQM/res_z0_vs_p
Other / uncategorized,SeedTaggerDQM/target_Pulls_of_loc0
Other / uncategorized,SeedTaggerDQM/target_Pulls_of_loc1
Other / uncategorized,SeedTaggerDQM/target_pulls_loc0-vs-N_hits
Other / uncategorized,SeedTaggerDQM/target_pulls_loc0-vs-trk_p
Other / uncategorized,SeedTaggerDQM/target_pulls_loc1-vs-N_hits
Other / uncategorized,SeedTaggerDQM/target_pulls_loc1-vs-trk_p
Other / uncategorized,SeedTaggerDQM/target_res_loc0-vs-N_hits
Other / uncategorized,SeedTaggerDQM/target_res_loc0-vs-trk_p
Other / uncategorized,SeedTaggerDQM/target_res_loc1-vs-N_hits
Other / uncategorized,SeedTaggerDQM/target_res_loc1-vs-trk_p
Other / uncategorized,SeedTaggerDQM/target_sp_hit_X
Other / uncategorized,SeedTaggerDQM/target_sp_hit_Y
Other / uncategorized,SeedTaggerDQM/theta
Other / uncategorized,SeedTaggerDQM/theta_err
Other / uncategorized,SeedTaggerDQM/trk_ecal_loc0
Other / uncategorized,SeedTaggerDQM/trk_ecal_loc0-sp_hit_X
Other / uncategorized,SeedTaggerDQM/trk_ecal_loc1
Other / uncategorized,SeedTaggerDQM/trk_ecal_loc1-sp_hit_Y
Other / uncategorized,SeedTaggerDQM/trk_target_loc0
Other / uncategorized,SeedTaggerDQM/trk_target_loc0-sp_hit_X
Other / uncategorized,SeedTaggerDQM/trk_target_loc1
Other / uncategorized,SeedTaggerDQM/trk_target_loc1-sp_hit_Y
Other / uncategorized,SeedTaggerDQM/truth_LayersHit
Other / uncategorized,SeedTaggerDQM/truth_N_tracks
Other / uncategorized,SeedTaggerDQM/truth_PID
Other / uncategorized,SeedTaggerDQM/truth_beam_angle
Other / uncategorized,SeedTaggerDQM/truth_d0
Other / uncategorized,SeedTaggerDQM/truth_electron_p
Other / uncategorized,SeedTaggerDQM/truth_kminus_p
Other / uncategorized,SeedTaggerDQM/truth_kplus_p
Other / uncategorized,SeedTaggerDQM/truth_nHits
Other / uncategorized,SeedTaggerDQM/truth_p
Other / uncategorized,SeedTaggerDQM/truth_phi
Other / uncategorized,SeedTaggerDQM/truth_piminus_p
Other / uncategorized,SeedTaggerDQM/truth_piplus_p
Other / uncategorized,SeedTaggerDQM/truth_positron_p
Other / uncategorized,SeedTaggerDQM/truth_proton_p
Other / uncategorized,SeedTaggerDQM/truth_qop
Other / uncategorized,SeedTaggerDQM/truth_theta
Other / uncategorized,SeedTaggerDQM/truth_z0
Other / uncategorized,SeedTaggerDQM/z0
Other / uncategorized,SeedTaggerDQM/z0_err
Other / uncategorized,SeedTaggerDQM/z0_err_vs_p
Other / uncategorized,TaggerDQM
Other / uncategorized,TaggerDQM/Chi2
Other / uncategorized,TaggerDQM/Chi2_per_ndf
Other / uncategorized,TaggerDQM/LayersHit
Other / uncategorized,TaggerDQM/N_tracks
Other / uncategorized,TaggerDQM/d0
Other / uncategorized,TaggerDQM/d0_err
Other / uncategorized,TaggerDQM/d0_err_vs_p
Other / uncategorized,TaggerDQM/dup_Chi2
Other / uncategorized,TaggerDQM/dup_Chi2_per_ndf
Other / uncategorized,TaggerDQM/dup_LayersHit
Other / uncategorized,TaggerDQM/dup_d0
Other / uncategorized,TaggerDQM/dup_nHits
Other / uncategorized,TaggerDQM/dup_nHoles
Other / uncategorized,TaggerDQM/dup_nShared
Other / uncategorized,TaggerDQM/dup_p
Other / uncategorized,TaggerDQM/dup_phi
Other / uncategorized,TaggerDQM/dup_qop
Other / uncategorized,TaggerDQM/dup_theta
Other / uncategorized,TaggerDQM/dup_z0
Other / uncategorized,TaggerDQM/fake_Chi2
Other / uncategorized,TaggerDQM/fake_Chi2_per_ndf
Other / uncategorized,TaggerDQM/fake_LayersHit
Other / uncategorized,TaggerDQM/fake_d0
Other / uncategorized,TaggerDQM/fake_nHits
Other / uncategorized,TaggerDQM/fake_nHoles
Other / uncategorized,TaggerDQM/fake_nShared
Other / uncategorized,TaggerDQM/fake_p
Other / uncategorized,TaggerDQM/fake_phi
Other / uncategorized,TaggerDQM/fake_qop
Other / uncategorized,TaggerDQM/fake_theta
Other / uncategorized,TaggerDQM/fake_z0
Other / uncategorized,TaggerDQM/match_LayersHit
Other / uncategorized,TaggerDQM/match_PID
Other / uncategorized,TaggerDQM/match_beam_angle
Other / uncategorized,TaggerDQM/match_d0
Other / uncategorized,TaggerDQM/match_electron_p
Other / uncategorized,TaggerDQM/match_kminus_p
Other / uncategorized,TaggerDQM/match_kplus_p
Other / uncategorized,TaggerDQM/match_nHits
Other / uncategorized,TaggerDQM/match_p
Other / uncategorized,TaggerDQM/match_phi
Other / uncategorized,TaggerDQM/match_piminus_p
Other / uncategorized,TaggerDQM/match_piplus_p
Other / uncategorized,TaggerDQM/match_positron_p
Other / uncategorized,TaggerDQM/match_prob
Other / uncategorized,TaggerDQM/match_proton_p
Other / uncategorized,TaggerDQM/match_qop
Other / uncategorized,TaggerDQM/match_theta
Other / uncategorized,TaggerDQM/match_z0
Other / uncategorized,TaggerDQM/nHits
Other / uncategorized,TaggerDQM/nHoles
Other / uncategorized,TaggerDQM/nShared
Other / uncategorized,TaggerDQM/ndf
Other / uncategorized,TaggerDQM/p
Other / uncategorized,TaggerDQM/p_err
Other / uncategorized,TaggerDQM/p_err_vs_p
Other / uncategorized,TaggerDQM/p_err_vs_p_10hits
Other / uncategorized,TaggerDQM/p_err_vs_p_8hits
Other / uncategorized,TaggerDQM/p_err_vs_p_9hits
Other / uncategorized,TaggerDQM/phi
Other / uncategorized,TaggerDQM/phi_err
Other / uncategorized,TaggerDQM/pt_beam
Other / uncategorized,TaggerDQM/pt_bending
Other / uncategorized,TaggerDQM/pull_d0
Other / uncategorized,TaggerDQM/pull_d0_vs_p
Other / uncategorized,TaggerDQM/pull_p
Other / uncategorized,TaggerDQM/pull_phi
Other / uncategorized,TaggerDQM/pull_phi_vs_p
Other / uncategorized,TaggerDQM/pull_qop
Other / uncategorized,TaggerDQM/pull_qop_vs_p
Other / uncategorized,TaggerDQM/pull_theta
Other / uncategorized,TaggerDQM/pull_theta_vs_p
Other / uncategorized,TaggerDQM/pull_z0
Other / uncategorized,TaggerDQM/pull_z0_vs_p
Other / uncategorized,TaggerDQM/px
Other / uncategorized,TaggerDQM/py
Other / uncategorized,TaggerDQM/pz
Other / uncategorized,TaggerDQM/qop
Other / uncategorized,TaggerDQM/qop_err
Other / uncategorized,TaggerDQM/res_d0
Other / uncategorized,TaggerDQM/res_d0_vs_p
Other / uncategorized,TaggerDQM/res_p
Other / uncategorized,TaggerDQM/res_p_vs_p
Other / uncategorized,TaggerDQM/res_p_vs_p_10hits
Other / uncategorized,TaggerDQM/res_p_vs_p_8hits
Other / uncategorized,TaggerDQM/res_p_vs_p_9hits
Other / uncategorized,TaggerDQM/res_phi
Other / uncategorized,TaggerDQM/res_phi_vs_p
Other / uncategorized,TaggerDQM/res_pt_beam
Other / uncategorized,TaggerDQM/res_pt_beam_vs_p
Other / uncategorized,TaggerDQM/res_qop
Other / uncategorized,TaggerDQM/res_qop_vs_p
Other / uncategorized,TaggerDQM/res_theta
Other / uncategorized,TaggerDQM/res_theta_vs_p
Other / uncategorized,TaggerDQM/res_z0
Other / uncategorized,TaggerDQM/res_z0_vs_p
Other / uncategorized,TaggerDQM/target_Pulls_of_loc0
Other / uncategorized,TaggerDQM/target_Pulls_of_loc1
Other / uncategorized,TaggerDQM/target_pulls_loc0-vs-N_hits
Other / uncategorized,TaggerDQM/target_pulls_loc0-vs-trk_p
Other / uncategorized,TaggerDQM/target_pulls_loc1-vs-N_hits
Other / uncategorized,TaggerDQM/target_pulls_loc1-vs-trk_p
Other / uncategorized,TaggerDQM/target_res_loc0-vs-N_hits
Other / uncategorized,TaggerDQM/target_res_loc0-vs-trk_p
Other / uncategorized,TaggerDQM/target_res_loc1-vs-N_hits
Other / uncategorized,TaggerDQM/target_res_loc1-vs-trk_p
Other / uncategorized,TaggerDQM/target_sp_hit_X
Other / uncategorized,TaggerDQM/target_sp_hit_Y
Other / uncategorized,TaggerDQM/theta
Other / uncategorized,TaggerDQM/theta_err
Other / uncategorized,TaggerDQM/trk_target_loc0
Other / uncategorized,TaggerDQM/trk_target_loc0-sp_hit_X
Other / uncategorized,TaggerDQM/trk_target_loc1
Other / uncategorized,TaggerDQM/trk_target_loc1-sp_hit_Y
Other / uncategorized,TaggerDQM/truth_LayersHit
Other / uncategorized,TaggerDQM/truth_N_tracks
Other / uncategorized,TaggerDQM/truth_PID
Other / uncategorized,TaggerDQM/truth_beam_angle
Other / uncategorized,TaggerDQM/truth_d0
Other / uncategorized,TaggerDQM/truth_electron_p
Other / uncategorized,TaggerDQM/truth_kminus_p
Other / uncategorized,TaggerDQM/truth_kplus_p
Other / uncategorized,TaggerDQM/truth_nHits
Other / uncategorized,TaggerDQM/truth_p
Other / uncategorized,TaggerDQM/truth_phi
Other / uncategorized,TaggerDQM/truth_piminus_p
Other / uncategorized,TaggerDQM/truth_piplus_p
Other / uncategorized,TaggerDQM/truth_positron_p
Other / uncategorized,TaggerDQM/truth_proton_p
Other / uncategorized,TaggerDQM/truth_qop
Other / uncategorized,TaggerDQM/truth_theta
Other / uncategorized,TaggerDQM/truth_z0
Other / uncategorized,TaggerDQM/z0
Other / uncategorized,TaggerDQM/z0_err
Other / uncategorized,TaggerDQM/z0_err_vs_p
Other / uncategorized,TaggerGASDQM
Other / uncategorized,TaggerGASDQM/Chi2
Other / uncategorized,TaggerGASDQM/Chi2_per_ndf
Other / uncategorized,TaggerGASDQM/LayersHit
Other / uncategorized,TaggerGASDQM/N_tracks
Other / uncategorized,TaggerGASDQM/d0
Other / uncategorized,TaggerGASDQM/d0_err
Other / uncategorized,TaggerGASDQM/d0_err_vs_p
Other / uncategorized,TaggerGASDQM/dup_Chi2
Other / uncategorized,TaggerGASDQM/dup_Chi2_per_ndf
Other / uncategorized,TaggerGASDQM/dup_LayersHit
Other / uncategorized,TaggerGASDQM/dup_d0
Other / uncategorized,TaggerGASDQM/dup_nHits
Other / uncategorized,TaggerGASDQM/dup_nHoles
Other / uncategorized,TaggerGASDQM/dup_nShared
Other / uncategorized,TaggerGASDQM/dup_p
Other / uncategorized,TaggerGASDQM/dup_phi
Other / uncategorized,TaggerGASDQM/dup_qop
Other / uncategorized,TaggerGASDQM/dup_theta
Other / uncategorized,TaggerGASDQM/dup_z0
Other / uncategorized,TaggerGASDQM/fake_Chi2
Other / uncategorized,TaggerGASDQM/fake_Chi2_per_ndf
Other / uncategorized,TaggerGASDQM/fake_LayersHit
Other / uncategorized,TaggerGASDQM/fake_d0
Other / uncategorized,TaggerGASDQM/fake_nHits
Other / uncategorized,TaggerGASDQM/fake_nHoles
Other / uncategorized,TaggerGASDQM/fake_nShared
Other / uncategorized,TaggerGASDQM/fake_p
Other / uncategorized,TaggerGASDQM/fake_phi
Other / uncategorized,TaggerGASDQM/fake_qop
Other / uncategorized,TaggerGASDQM/fake_theta
Other / uncategorized,TaggerGASDQM/fake_z0
Other / uncategorized,TaggerGASDQM/match_LayersHit
Other / uncategorized,TaggerGASDQM/match_PID
Other / uncategorized,TaggerGASDQM/match_beam_angle
Other / uncategorized,TaggerGASDQM/match_d0
Other / uncategorized,TaggerGASDQM/match_electron_p
Other / uncategorized,TaggerGASDQM/match_kminus_p
Other / uncategorized,TaggerGASDQM/match_kplus_p
Other / uncategorized,TaggerGASDQM/match_nHits
Other / uncategorized,TaggerGASDQM/match_p
Other / uncategorized,TaggerGASDQM/match_phi
Other / uncategorized,TaggerGASDQM/match_piminus_p
Other / uncategorized,TaggerGASDQM/match_piplus_p
Other / uncategorized,TaggerGASDQM/match_positron_p
Other / uncategorized,TaggerGASDQM/match_prob
Other / uncategorized,TaggerGASDQM/match_proton_p
Other / uncategorized,TaggerGASDQM/match_qop
Other / uncategorized,TaggerGASDQM/match_theta
Other / uncategorized,TaggerGASDQM/match_z0
Other / uncategorized,TaggerGASDQM/nHits
Other / uncategorized,TaggerGASDQM/nHoles
Other / uncategorized,TaggerGASDQM/nShared
Other / uncategorized,TaggerGASDQM/ndf
Other / uncategorized,TaggerGASDQM/p
Other / uncategorized,TaggerGASDQM/p_err
Other / uncategorized,TaggerGASDQM/p_err_vs_p
Other / uncategorized,TaggerGASDQM/p_err_vs_p_10hits
Other / uncategorized,TaggerGASDQM/p_err_vs_p_8hits
Other / uncategorized,TaggerGASDQM/p_err_vs_p_9hits
Other / uncategorized,TaggerGASDQM/phi
Other / uncategorized,TaggerGASDQM/phi_err
Other / uncategorized,TaggerGASDQM/pt_beam
Other / uncategorized,TaggerGASDQM/pt_bending
Other / uncategorized,TaggerGASDQM/pull_d0
Other / uncategorized,TaggerGASDQM/pull_d0_vs_p
Other / uncategorized,TaggerGASDQM/pull_p
Other / uncategorized,TaggerGASDQM/pull_phi
Other / uncategorized,TaggerGASDQM/pull_phi_vs_p
Other / uncategorized,TaggerGASDQM/pull_qop
Other / uncategorized,TaggerGASDQM/pull_qop_vs_p
Other / uncategorized,TaggerGASDQM/pull_theta
Other / uncategorized,TaggerGASDQM/pull_theta_vs_p
Other / uncategorized,TaggerGASDQM/pull_z0
Other / uncategorized,TaggerGASDQM/pull_z0_vs_p
Other / uncategorized,TaggerGASDQM/px
Other / uncategorized,TaggerGASDQM/py
Other / uncategorized,TaggerGASDQM/pz
Other / uncategorized,TaggerGASDQM/qop
Other / uncategorized,TaggerGASDQM/qop_err
Other / uncategorized,TaggerGASDQM/res_d0
Other / uncategorized,TaggerGASDQM/res_d0_vs_p
Other / uncategorized,TaggerGASDQM/res_p
Other / uncategorized,TaggerGASDQM/res_p_vs_p
Other / uncategorized,TaggerGASDQM/res_p_vs_p_10hits
Other / uncategorized,TaggerGASDQM/res_p_vs_p_8hits
Other / uncategorized,TaggerGASDQM/res_p_vs_p_9hits
Other / uncategorized,TaggerGASDQM/res_phi
Other / uncategorized,TaggerGASDQM/res_phi_vs_p
Other / uncategorized,TaggerGASDQM/res_pt_beam
Other / uncategorized,TaggerGASDQM/res_pt_beam_vs_p
Other / uncategorized,TaggerGASDQM/res_qop
Other / uncategorized,TaggerGASDQM/res_qop_vs_p
Other / uncategorized,TaggerGASDQM/res_theta
Other / uncategorized,TaggerGASDQM/res_theta_vs_p
Other / uncategorized,TaggerGASDQM/res_z0
Other / uncategorized,TaggerGASDQM/res_z0_vs_p
Other / uncategorized,TaggerGASDQM/target_Pulls_of_loc0
Other / uncategorized,TaggerGASDQM/target_Pulls_of_loc1
Other / uncategorized,TaggerGASDQM/target_pulls_loc0-vs-N_hits
Other / uncategorized,TaggerGASDQM/target_pulls_loc0-vs-trk_p
Other / uncategorized,TaggerGASDQM/target_pulls_loc1-vs-N_hits
Other / uncategorized,TaggerGASDQM/target_pulls_loc1-vs-trk_p
Other / uncategorized,TaggerGASDQM/target_res_loc0-vs-N_hits
Other / uncategorized,TaggerGASDQM/target_res_loc0-vs-trk_p
Other / uncategorized,TaggerGASDQM/target_res_loc1-vs-N_hits
Other / uncategorized,TaggerGASDQM/target_res_loc1-vs-trk_p
Other / uncategorized,TaggerGASDQM/target_sp_hit_X
Other / uncategorized,TaggerGASDQM/target_sp_hit_Y
Other / uncategorized,TaggerGASDQM/theta
Other / uncategorized,TaggerGASDQM/theta_err
Other / uncategorized,TaggerGASDQM/trk_target_loc0
Other / uncategorized,TaggerGASDQM/trk_target_loc0-sp_hit_X
Other / uncategorized,TaggerGASDQM/trk_target_loc1
Other / uncategorized,TaggerGASDQM/trk_target_loc1-sp_hit_Y
Other / uncategorized,TaggerGASDQM/truth_LayersHit
Other / uncategorized,TaggerGASDQM/truth_N_tracks
Other / uncategorized,TaggerGASDQM/truth_PID
Other / uncategorized,TaggerGASDQM/truth_beam_angle
Other / uncategorized,TaggerGASDQM/truth_d0
Other / uncategorized,TaggerGASDQM/truth_electron_p
Other / uncategorized,TaggerGASDQM/truth_kminus_p
Other / uncategorized,TaggerGASDQM/truth_kplus_p
Other / uncategorized,TaggerGASDQM/truth_nHits
Other / uncategorized,TaggerGASDQM/truth_p
Other / uncategorized,TaggerGASDQM/truth_phi
Other / uncategorized,TaggerGASDQM/truth_piminus_p
Other / uncategorized,TaggerGASDQM/truth_piplus_p
Other / uncategorized,TaggerGASDQM/truth_positron_p
Other / uncategorized,TaggerGASDQM/truth_proton_p
Other / uncategorized,TaggerGASDQM/truth_qop
Other / uncategorized,TaggerGASDQM/truth_theta
Other / uncategorized,TaggerGASDQM/truth_z0
Other / uncategorized,TaggerGASDQM/z0
Other / uncategorized,TaggerGASDQM/z0_err
Other / uncategorized,TaggerGASDQM/z0_err_vs_p
Other / uncategorized,TaggerGSFDQM
Other / uncategorized,TaggerGSFDQM/Chi2
Other / uncategorized,TaggerGSFDQM/Chi2_per_ndf
Other / uncategorized,TaggerGSFDQM/LayersHit
Other / uncategorized,TaggerGSFDQM/N_tracks
Other / uncategorized,TaggerGSFDQM/d0
Other / uncategorized,TaggerGSFDQM/d0_err
Other / uncategorized,TaggerGSFDQM/d0_err_vs_p
Other / uncategorized,TaggerGSFDQM/dup_Chi2
Other / uncategorized,TaggerGSFDQM/dup_Chi2_per_ndf
Other / uncategorized,TaggerGSFDQM/dup_LayersHit
Other / uncategorized,TaggerGSFDQM/dup_d0
Other / uncategorized,TaggerGSFDQM/dup_nHits
Other / uncategorized,TaggerGSFDQM/dup_nHoles
Other / uncategorized,TaggerGSFDQM/dup_nShared
Other / uncategorized,TaggerGSFDQM/dup_p
Other / uncategorized,TaggerGSFDQM/dup_phi
Other / uncategorized,TaggerGSFDQM/dup_qop
Other / uncategorized,TaggerGSFDQM/dup_theta
Other / uncategorized,TaggerGSFDQM/dup_z0
Other / uncategorized,TaggerGSFDQM/fake_Chi2
Other / uncategorized,TaggerGSFDQM/fake_Chi2_per_ndf
Other / uncategorized,TaggerGSFDQM/fake_LayersHit
Other / uncategorized,TaggerGSFDQM/fake_d0
Other / uncategorized,TaggerGSFDQM/fake_nHits
Other / uncategorized,TaggerGSFDQM/fake_nHoles
Other / uncategorized,TaggerGSFDQM/fake_nShared
Other / uncategorized,TaggerGSFDQM/fake_p
Other / uncategorized,TaggerGSFDQM/fake_phi
Other / uncategorized,TaggerGSFDQM/fake_qop
Other / uncategorized,TaggerGSFDQM/fake_theta
Other / uncategorized,TaggerGSFDQM/fake_z0
Other / uncategorized,TaggerGSFDQM/match_LayersHit
Other / uncategorized,TaggerGSFDQM/match_PID
Other / uncategorized,TaggerGSFDQM/match_beam_angle
Other / uncategorized,TaggerGSFDQM/match_d0
Other / uncategorized,TaggerGSFDQM/match_electron_p
Other / uncategorized,TaggerGSFDQM/match_kminus_p
Other / uncategorized,TaggerGSFDQM/match_kplus_p
Other / uncategorized,TaggerGSFDQM/match_nHits
Other / uncategorized,TaggerGSFDQM/match_p
Other / uncategorized,TaggerGSFDQM/match_phi
Other / uncategorized,TaggerGSFDQM/match_piminus_p
Other / uncategorized,TaggerGSFDQM/match_piplus_p
Other / uncategorized,TaggerGSFDQM/match_positron_p
Other / uncategorized,TaggerGSFDQM/match_prob
Other / uncategorized,TaggerGSFDQM/match_proton_p
Other / uncategorized,TaggerGSFDQM/match_qop
Other / uncategorized,TaggerGSFDQM/match_theta
Other / uncategorized,TaggerGSFDQM/match_z0
Other / uncategorized,TaggerGSFDQM/nHits
Other / uncategorized,TaggerGSFDQM/nHoles
Other / uncategorized,TaggerGSFDQM/nShared
Other / uncategorized,TaggerGSFDQM/ndf
Other / uncategorized,TaggerGSFDQM/p
Other / uncategorized,TaggerGSFDQM/p_err
Other / uncategorized,TaggerGSFDQM/p_err_vs_p
Other / uncategorized,TaggerGSFDQM/p_err_vs_p_10hits
Other / uncategorized,TaggerGSFDQM/p_err_vs_p_8hits
Other / uncategorized,TaggerGSFDQM/p_err_vs_p_9hits
Other / uncategorized,TaggerGSFDQM/phi
Other / uncategorized,TaggerGSFDQM/phi_err
Other / uncategorized,TaggerGSFDQM/pt_beam
Other / uncategorized,TaggerGSFDQM/pt_bending
Other / uncategorized,TaggerGSFDQM/pull_d0
Other / uncategorized,TaggerGSFDQM/pull_d0_vs_p
Other / uncategorized,TaggerGSFDQM/pull_p
Other / uncategorized,TaggerGSFDQM/pull_phi
Other / uncategorized,TaggerGSFDQM/pull_phi_vs_p
Other / uncategorized,TaggerGSFDQM/pull_qop
Other / uncategorized,TaggerGSFDQM/pull_qop_vs_p
Other / uncategorized,TaggerGSFDQM/pull_theta
Other / uncategorized,TaggerGSFDQM/pull_theta_vs_p
Other / uncategorized,TaggerGSFDQM/pull_z0
Other / uncategorized,TaggerGSFDQM/pull_z0_vs_p
Other / uncategorized,TaggerGSFDQM/px
Other / uncategorized,TaggerGSFDQM/py
Other / uncategorized,TaggerGSFDQM/pz
Other / uncategorized,TaggerGSFDQM/qop
Other / uncategorized,TaggerGSFDQM/qop_err
Other / uncategorized,TaggerGSFDQM/res_d0
Other / uncategorized,TaggerGSFDQM/res_d0_vs_p
Other / uncategorized,TaggerGSFDQM/res_p
Other / uncategorized,TaggerGSFDQM/res_p_vs_p
Other / uncategorized,TaggerGSFDQM/res_p_vs_p_10hits
Other / uncategorized,TaggerGSFDQM/res_p_vs_p_8hits
Other / uncategorized,TaggerGSFDQM/res_p_vs_p_9hits
Other / uncategorized,TaggerGSFDQM/res_phi
Other / uncategorized,TaggerGSFDQM/res_phi_vs_p
Other / uncategorized,TaggerGSFDQM/res_pt_beam
Other / uncategorized,TaggerGSFDQM/res_pt_beam_vs_p
Other / uncategorized,TaggerGSFDQM/res_qop
Other / uncategorized,TaggerGSFDQM/res_qop_vs_p
Other / uncategorized,TaggerGSFDQM/res_theta
Other / uncategorized,TaggerGSFDQM/res_theta_vs_p
Other / uncategorized,TaggerGSFDQM/res_z0
Other / uncategorized,TaggerGSFDQM/res_z0_vs_p
Other / uncategorized,TaggerGSFDQM/target_Pulls_of_loc0
Other / uncategorized,TaggerGSFDQM/target_Pulls_of_loc1
Other / uncategorized,TaggerGSFDQM/target_pulls_loc0-vs-N_hits
Other / uncategorized,TaggerGSFDQM/target_pulls_loc0-vs-trk_p
Other / uncategorized,TaggerGSFDQM/target_pulls_loc1-vs-N_hits
Other / uncategorized,TaggerGSFDQM/target_pulls_loc1-vs-trk_p
Other / uncategorized,TaggerGSFDQM/target_res_loc0-vs-N_hits
Other / uncategorized,TaggerGSFDQM/target_res_loc0-vs-trk_p
Other / uncategorized,TaggerGSFDQM/target_res_loc1-vs-N_hits
Other / uncategorized,TaggerGSFDQM/target_res_loc1-vs-trk_p
Other / uncategorized,TaggerGSFDQM/target_sp_hit_X
Other / uncategorized,TaggerGSFDQM/target_sp_hit_Y
Other / uncategorized,TaggerGSFDQM/theta
Other / uncategorized,TaggerGSFDQM/theta_err
Other / uncategorized,TaggerGSFDQM/trk_target_loc0
Other / uncategorized,TaggerGSFDQM/trk_target_loc0-sp_hit_X
Other / uncategorized,TaggerGSFDQM/trk_target_loc1
Other / uncategorized,TaggerGSFDQM/trk_target_loc1-sp_hit_Y
Other / uncategorized,TaggerGSFDQM/truth_LayersHit
Other / uncategorized,TaggerGSFDQM/truth_N_tracks
Other / uncategorized,TaggerGSFDQM/truth_PID
Other / uncategorized,TaggerGSFDQM/truth_beam_angle
Other / uncategorized,TaggerGSFDQM/truth_d0
Other / uncategorized,TaggerGSFDQM/truth_electron_p
Other / uncategorized,TaggerGSFDQM/truth_kminus_p
Other / uncategorized,TaggerGSFDQM/truth_kplus_p
Other / uncategorized,TaggerGSFDQM/truth_nHits
Other / uncategorized,TaggerGSFDQM/truth_p
Other / uncategorized,TaggerGSFDQM/truth_phi
Other / uncategorized,TaggerGSFDQM/truth_piminus_p
Other / uncategorized,TaggerGSFDQM/truth_piplus_p
Other / uncategorized,TaggerGSFDQM/truth_positron_p
Other / uncategorized,TaggerGSFDQM/truth_proton_p
Other / uncategorized,TaggerGSFDQM/truth_qop
Other / uncategorized,TaggerGSFDQM/truth_theta
Other / uncategorized,TaggerGSFDQM/truth_z0
Other / uncategorized,TaggerGSFDQM/z0
Other / uncategorized,TaggerGSFDQM/z0_err
Other / uncategorized,TaggerGSFDQM/z0_err_vs_p
TrigScint DQM (TrigScintSim/Digi/Cluster/Track),TrigScintClusterPad1
TrigScint DQM (TrigScintSim/Digi/Cluster/Track),TrigScintClusterPad1/beamEfrac
TrigScint DQM (TrigScintSim/Digi/Cluster/Track),TrigScintClusterPad1/centroid
TrigScint DQM (TrigScintSim/Digi/Cluster/Track),TrigScintClusterPad1/cluster_time
TrigScint DQM (TrigScintSim/Digi/Cluster/Track),TrigScintClusterPad1/energy
TrigScint DQM (TrigScintSim/Digi/Cluster/Track),TrigScintClusterPad1/n_clusters
TrigScint DQM (TrigScintSim/Digi/Cluster/Track),TrigScintClusterPad1/n_hits
TrigScint DQM (TrigScintSim/Digi/Cluster/Track),TrigScintClusterPad1/pe
TrigScint DQM (TrigScintSim/Digi/Cluster/Track),TrigScintClusterPad1/seed
TrigScint DQM (TrigScintSim/Digi/Cluster/Track),TrigScintClusterPad1/total_pe
TrigScint DQM (TrigScintSim/Digi/Cluster/Track),TrigScintClusterPad1/x
TrigScint DQM (TrigScintSim/Digi/Cluster/Track),TrigScintClusterPad1/y
TrigScint DQM (TrigScintSim/Digi/Cluster/Track),TrigScintClusterPad1/z
TrigScint DQM (TrigScintSim/Digi/Cluster/Track),TrigScintClusterPad2
TrigScint DQM (TrigScintSim/Digi/Cluster/Track),TrigScintClusterPad2/beamEfrac
TrigScint DQM (TrigScintSim/Digi/Cluster/Track),TrigScintClusterPad2/centroid
TrigScint DQM (TrigScintSim/Digi/Cluster/Track),TrigScintClusterPad2/cluster_time
TrigScint DQM (TrigScintSim/Digi/Cluster/Track),TrigScintClusterPad2/energy
TrigScint DQM (TrigScintSim/Digi/Cluster/Track),TrigScintClusterPad2/n_clusters
TrigScint DQM (TrigScintSim/Digi/Cluster/Track),TrigScintClusterPad2/n_hits
TrigScint DQM (TrigScintSim/Digi/Cluster/Track),TrigScintClusterPad2/pe
TrigScint DQM (TrigScintSim/Digi/Cluster/Track),TrigScintClusterPad2/seed
TrigScint DQM (TrigScintSim/Digi/Cluster/Track),TrigScintClusterPad2/total_pe
TrigScint DQM (TrigScintSim/Digi/Cluster/Track),TrigScintClusterPad2/x
TrigScint DQM (TrigScintSim/Digi/Cluster/Track),TrigScintClusterPad2/y
TrigScint DQM (TrigScintSim/Digi/Cluster/Track),TrigScintClusterPad2/z
TrigScint DQM (TrigScintSim/Digi/Cluster/Track),TrigScintClusterPad3
TrigScint DQM (TrigScintSim/Digi/Cluster/Track),TrigScintClusterPad3/beamEfrac
TrigScint DQM (TrigScintSim/Digi/Cluster/Track),TrigScintClusterPad3/centroid
TrigScint DQM (TrigScintSim/Digi/Cluster/Track),TrigScintClusterPad3/cluster_time
TrigScint DQM (TrigScintSim/Digi/Cluster/Track),TrigScintClusterPad3/energy
TrigScint DQM (TrigScintSim/Digi/Cluster/Track),TrigScintClusterPad3/n_clusters
TrigScint DQM (TrigScintSim/Digi/Cluster/Track),TrigScintClusterPad3/n_hits
TrigScint DQM (TrigScintSim/Digi/Cluster/Track),TrigScintClusterPad3/pe
TrigScint DQM (TrigScintSim/Digi/Cluster/Track),TrigScintClusterPad3/seed
TrigScint DQM (TrigScintSim/Digi/Cluster/Track),TrigScintClusterPad3/total_pe
TrigScint DQM (TrigScintSim/Digi/Cluster/Track),TrigScintClusterPad3/x
TrigScint DQM (TrigScintSim/Digi/Cluster/Track),TrigScintClusterPad3/y
TrigScint DQM (TrigScintSim/Digi/Cluster/Track),TrigScintClusterPad3/z
TrigScint DQM (TrigScintSim/Digi/Cluster/Track),TrigScintDigiPad1
TrigScint DQM (TrigScintSim/Digi/Cluster/Track),TrigScintDigiPad1/hit_time
TrigScint DQM (TrigScintSim/Digi/Cluster/Track),TrigScintDigiPad1/id
TrigScint DQM (TrigScintSim/Digi/Cluster/Track),TrigScintDigiPad1/id_noise
TrigScint DQM (TrigScintSim/Digi/Cluster/Track),TrigScintDigiPad1/max_pe:time
TrigScint DQM (TrigScintSim/Digi/Cluster/Track),TrigScintDigiPad1/min_time_hit_above_thresh:pe
TrigScint DQM (TrigScintSim/Digi/Cluster/Track),TrigScintDigiPad1/n_hits
TrigScint DQM (TrigScintSim/Digi/Cluster/Track),TrigScintDigiPad1/n_hits_noise
TrigScint DQM (TrigScintSim/Digi/Cluster/Track),TrigScintDigiPad1/pe
TrigScint DQM (TrigScintSim/Digi/Cluster/Track),TrigScintDigiPad1/pe_noise
TrigScint DQM (TrigScintSim/Digi/Cluster/Track),TrigScintDigiPad1/total_pe
TrigScint DQM (TrigScintSim/Digi/Cluster/Track),TrigScintDigiPad1/x
TrigScint DQM (TrigScintSim/Digi/Cluster/Track),TrigScintDigiPad1/y
TrigScint DQM (TrigScintSim/Digi/Cluster/Track),TrigScintDigiPad1/z
TrigScint DQM (TrigScintSim/Digi/Cluster/Track),TrigScintDigiPad2
TrigScint DQM (TrigScintSim/Digi/Cluster/Track),TrigScintDigiPad2/hit_time
TrigScint DQM (TrigScintSim/Digi/Cluster/Track),TrigScintDigiPad2/id
TrigScint DQM (TrigScintSim/Digi/Cluster/Track),TrigScintDigiPad2/id_noise
TrigScint DQM (TrigScintSim/Digi/Cluster/Track),TrigScintDigiPad2/max_pe:time
TrigScint DQM (TrigScintSim/Digi/Cluster/Track),TrigScintDigiPad2/min_time_hit_above_thresh:pe
TrigScint DQM (TrigScintSim/Digi/Cluster/Track),TrigScintDigiPad2/n_hits
TrigScint DQM (TrigScintSim/Digi/Cluster/Track),TrigScintDigiPad2/n_hits_noise
TrigScint DQM (TrigScintSim/Digi/Cluster/Track),TrigScintDigiPad2/pe
TrigScint DQM (TrigScintSim/Digi/Cluster/Track),TrigScintDigiPad2/pe_noise
TrigScint DQM (TrigScintSim/Digi/Cluster/Track),TrigScintDigiPad2/total_pe
TrigScint DQM (TrigScintSim/Digi/Cluster/Track),TrigScintDigiPad2/x
TrigScint DQM (TrigScintSim/Digi/Cluster/Track),TrigScintDigiPad2/y
TrigScint DQM (TrigScintSim/Digi/Cluster/Track),TrigScintDigiPad2/z
TrigScint DQM (TrigScintSim/Digi/Cluster/Track),TrigScintDigiPad3
TrigScint DQM (TrigScintSim/Digi/Cluster/Track),TrigScintDigiPad3/hit_time
TrigScint DQM (TrigScintSim/Digi/Cluster/Track),TrigScintDigiPad3/id
TrigScint DQM (TrigScintSim/Digi/Cluster/Track),TrigScintDigiPad3/id_noise
TrigScint DQM (TrigScintSim/Digi/Cluster/Track),TrigScintDigiPad3/max_pe:time
TrigScint DQM (TrigScintSim/Digi/Cluster/Track),TrigScintDigiPad3/min_time_hit_above_thresh:pe
TrigScint DQM (TrigScintSim/Digi/Cluster/Track),TrigScintDigiPad3/n_hits
TrigScint DQM (TrigScintSim/Digi/Cluster/Track),TrigScintDigiPad3/n_hits_noise
TrigScint DQM (TrigScintSim/Digi/Cluster/Track),TrigScintDigiPad3/pe
TrigScint DQM (TrigScintSim/Digi/Cluster/Track),TrigScintDigiPad3/pe_noise
TrigScint DQM (TrigScintSim/Digi/Cluster/Track),TrigScintDigiPad3/total_pe
TrigScint DQM (TrigScintSim/Digi/Cluster/Track),TrigScintDigiPad3/x
TrigScint DQM (TrigScintSim/Digi/Cluster/Track),TrigScintDigiPad3/y
TrigScint DQM (TrigScintSim/Digi/Cluster/Track),TrigScintDigiPad3/z
TrigScint DQM (TrigScintSim/Digi/Cluster/Track),TrigScintSimPad1
TrigScint DQM (TrigScintSim/Digi/Cluster/Track),TrigScintSimPad1/energy
TrigScint DQM (TrigScintSim/Digi/Cluster/Track),TrigScintSimPad1/hit_time
TrigScint DQM (TrigScintSim/Digi/Cluster/Track),TrigScintSimPad1/id
TrigScint DQM (TrigScintSim/Digi/Cluster/Track),TrigScintSimPad1/max_pe:time
TrigScint DQM (TrigScintSim/Digi/Cluster/Track),TrigScintSimPad1/min_time_hit_above_thresh:pe
TrigScint DQM (TrigScintSim/Digi/Cluster/Track),TrigScintSimPad1/n_hits
TrigScint DQM (TrigScintSim/Digi/Cluster/Track),TrigScintSimPad1/total_energy
TrigScint DQM (TrigScintSim/Digi/Cluster/Track),TrigScintSimPad1/x
TrigScint DQM (TrigScintSim/Digi/Cluster/Track),TrigScintSimPad1/y
TrigScint DQM (TrigScintSim/Digi/Cluster/Track),TrigScintSimPad1/z
TrigScint DQM (TrigScintSim/Digi/Cluster/Track),TrigScintSimPad2
TrigScint DQM (TrigScintSim/Digi/Cluster/Track),TrigScintSimPad2/energy
TrigScint DQM (TrigScintSim/Digi/Cluster/Track),TrigScintSimPad2/hit_time
TrigScint DQM (TrigScintSim/Digi/Cluster/Track),TrigScintSimPad2/id
TrigScint DQM (TrigScintSim/Digi/Cluster/Track),TrigScintSimPad2/max_pe:time
TrigScint DQM (TrigScintSim/Digi/Cluster/Track),TrigScintSimPad2/min_time_hit_above_thresh:pe
TrigScint DQM (TrigScintSim/Digi/Cluster/Track),TrigScintSimPad2/n_hits
TrigScint DQM (TrigScintSim/Digi/Cluster/Track),TrigScintSimPad2/total_energy
TrigScint DQM (TrigScintSim/Digi/Cluster/Track),TrigScintSimPad2/x
TrigScint DQM (TrigScintSim/Digi/Cluster/Track),TrigScintSimPad2/y
TrigScint DQM (TrigScintSim/Digi/Cluster/Track),TrigScintSimPad2/z
TrigScint DQM (TrigScintSim/Digi/Cluster/Track),TrigScintSimPad3
TrigScint DQM (TrigScintSim/Digi/Cluster/Track),TrigScintSimPad3/energy
TrigScint DQM (TrigScintSim/Digi/Cluster/Track),TrigScintSimPad3/hit_time
TrigScint DQM (TrigScintSim/Digi/Cluster/Track),TrigScintSimPad3/id
TrigScint DQM (TrigScintSim/Digi/Cluster/Track),TrigScintSimPad3/max_pe:time
TrigScint DQM (TrigScintSim/Digi/Cluster/Track),TrigScintSimPad3/min_time_hit_above_thresh:pe
TrigScint DQM (TrigScintSim/Digi/Cluster/Track),TrigScintSimPad3/n_hits
TrigScint DQM (TrigScintSim/Digi/Cluster/Track),TrigScintSimPad3/total_energy
TrigScint DQM (TrigScintSim/Digi/Cluster/Track),TrigScintSimPad3/x
TrigScint DQM (TrigScintSim/Digi/Cluster/Track),TrigScintSimPad3/y
TrigScint DQM (TrigScintSim/Digi/Cluster/Track),TrigScintSimPad3/z
TrigScint DQM (TrigScintSim/Digi/Cluster/Track),TrigScintTracks
TrigScint DQM (TrigScintSim/Digi/Cluster/Track),TrigScintTracks/beamEfrac
TrigScint DQM (TrigScintSim/Digi/Cluster/Track),TrigScintTracks/centroid
TrigScint DQM (TrigScintSim/Digi/Cluster/Track),TrigScintTracks/n_clusters
TrigScint DQM (TrigScintSim/Digi/Cluster/Track),TrigScintTracks/n_tracks
TrigScint DQM (TrigScintSim/Digi/Cluster/Track),TrigScintTracks/residual
TrigScint DQM (TrigScintSim/Digi/Cluster/Track),TrigScintTracks/x
TrigScint DQM (TrigScintSim/Digi/Cluster/Track),TrigScintTracks/y
TrigScint DQM (TrigScintSim/Digi/Cluster/Track),TrigScintTracks/z
Trigger DQM (dqm.Trigger),Trigger
Trigger DQM (dqm.Trigger),Trigger/Trigger.EcalEcut
Trigger DQM (dqm.Trigger),Trigger/Trigger.EcalEsum
Trigger DQM (dqm.Trigger),Trigger/Trigger.EcalLayercut
Trigger DQM (dqm.Trigger),Trigger/Trigger.nElectrons
Trigger DQM (dqm.Trigger),Trigger/Trigger.pass
